Deployment ID,Deployment Date/TimeUTC,vhfFreq,PG Ch,Receiver,UFX Instrument Input Gain Channels 9 and 10,Latitude,Longitude,Blue,Fin,Sei,Humpback,Bryde's,Sperm,Killer,Minke,Other/Comment,POST Comments
1,08/06/2014 03:23:00,54,0 and 1,13F13003 and 13F13002,,33.1222,-118.3655,-,-,,-,-,-,-,,SB recorders on both channels. Receiver 13F13002 works better,Not in Main database. Cannot confirm location or time
2,08/07/2014 04:16:03,54,0,13F13003,,33.8992,-121.8585,-,-,-,-,-,-,-,,fail,
3,08/07/2014 04:23:51,56,1,13F13002,,33.9045,-121.8796,probable,possible,,-,-,-,-,,kettle drum' pulses,
4,08/07/2014 04:30:52,52,0,13F13003,,33.9090,-121.8993,probable,possible,,-,-,-,-,,kettle drum' pulses,
4,08/08/2014 03:19:06,52,0,13F13003,,34.6487,-125.1191,probable,probable,,-,-,-,-,,-,
5,08/08/2014 03:26:12,56,1,13F13002,,34.6526,-125.1446,probable,probable,,-,-,-,-,,-,
8,08/08/2014 20:49:02,52,0,13F13003,,35.2401,-127.8126,-,-,,-,possible,-,-,,Opportunistic deployment on Bryde's sighting. A couple of possible calls,
9,08/09/2014 04:45:52,52,0,13F13003,,36.0639,-127.7629,-,possible,,-,-,-,-,,60 to 37 Hz downsweeps,
10,08/09/2014 04:54:36,56,1,13F13002,,36.0836,-127.7567,-,possible,,-,-,-,-,,60 to 37 Hz downsweeps,
11,08/10/2014 03:50:45,52,0,13F13003,,38.9324,-126.8098,possible,possible,,-,-,-,-,,downsweeps 30-20 Hz and 100-30 Hz,
12,08/10/2014 04:00:43,56,1,13F13002,,38.9441,-126.8047,possible,possible,,-,-,-,-,,downsweeps 30-20 Hz and 100-30 Hz,
14,08/12/2014 04:51:24,52,0,13F13003,,43.9137,-125.0061,possible,possible,,-,-,-,-,,various downsweeps <70 Hz,
15,08/12/2014 04:58:34,56,1,13F13003,,43.9331,-125.0021,possible,possible,,-,-,-,-,,various downsweeps <70 Hz,
16,08/13/2014 04:24:18,52,0,13F13003,,46.5346,-124.6078,possible,possible,,-,-,-,-,,various downsweeps <60 Hz,
17,08/13/2014 04:35:24,56,1,13F13002,,46.5404,-124.6325,possible,possible,,-,-,-,-,,various downsweeps <60 Hz,
18,08/14/2014 04:06:14,52,0,13F13003,,47.9400,-125.1680,-,-,-,-,-,-,-,,-,
19,08/14/2014 04:33:43,56,1,13F13002,,47.9355,-125.1316,-,-,-,-,-,-,-,,-,
20,08/15/2014 03:22:49,52,0,13F13003,,48.1876,-125.7097,-,-,-,definite,-,-,-,,Grampus clicks (Grampus and humpbacks around ship during SB deployment),
21,08/15/2014 03:33:27,56,1,13F13002,,48.1778,-125.7323,-,-,-,definite,-,-,-,,Grampus and humpbacks around ship during SB deployment,
22,08/16/2014 03:27:00,52,1,13F13003,,45.8486,-127.5394,-,possible,-,-,-,-,-,,repeated triplet downsweeps 25-20Hz,
23,08/16/2014 03:36:00,56,0,13F13002,,45.8324,-127.5500,-,possible,-,-,-,-,-,,repeated triplet downsweeps 25-20Hz,
24,08/17/2014 03:14:40,52,1,13F13003,,46.1310,-125.8056,-,-,-,-,-,-,-,,-,
25,08/17/2014 03:22:18,56,0,13F13002,,46.1488,-125.8016,-,possible,-,-,-,-,-,,-,
26,08/17/2014 16:38:28,52,0 and 1,13F13003 and 13F13002,,46.8308,-126.1440,-,probable,-,-,-,-,-,,Opportunistic deployment on fin whale,
27,08/18/2014 03:01:47,52,1,13F13003,,47.0481,-127.8998,-,-,-,-,-,-,-,,,
28,08/18/2014 03:09:33,56,0,13F13002,,47.0619,-127.9167,-,possible,possible,-,-,-,-,,30 to 20 Hz downsweep,
29,08/20/2014 03:04:00,52,1,13F13002,,44.8059,-129.6820,-,-,-,-,-,-,-,,lots of 'mechanical' noise - LF thump/blips,
30,08/20/2014 03:16:00,56,0,13F13003,,44.8249,-129.6756,-,-,-,-,-,-,-,,lots of 'mechanical' noise - LF thump/blips,
31,08/21/2014 03:19:00,56,0,13F13003,,45.6618,-127.9855,-,-,-,-,-,-,-,,noise from other vessel,
32,08/21/2014 03:28:00,52,1,13F13002,,45.6623,-127.9594,-,-,-,-,-,-,-,,noise from other vessel,
33,08/21/2014 19:25:00,52,0 and 1,13F13003 and 13F13002,,45.1587,-127.7815,-,possible,definite,-,-,-,-,,Opportunistic deployment on 3 sei whales. Good range of call types. Also possible remote fin whale?,
34,08/22/2014 03:00:00,52,1,13F13002,,44.5389,-128.0840,-,possible,possible,-,-,-,-,,some 30-20Hz downsweeps,
35,08/22/2014 03:07:00,56,0,13F13003,,44.5229,-128.0897,-,possible,possible,-,-,-,-,,some 30-20Hz downsweeps,
36,08/23/2014 02:16:00,54,0 and 1,13F13003 and 13F13002,,44.1178,-126.5837,-,definite,-,-,-,-,-,,Opportunistic deployment dispersed fin and humpback whales. One fin whale very close to vessel and SB. Most if not all calls from fin whale,
36,08/23/2014 03:32:00,54,1,13F13002,,44.1178,-126.5837,-,definite,-,-,-,-,-,,Break in recording for deployment of SB 37. Restart on only one receiver/channel. Fin whales continue,
37,08/23/2014 03:33:00,52,0,13F13003,,44.1041,-126.5733,-,definite,-,-,-,-,-,,Fin whales,
38,08/25/2014 03:13:00,52,0,13F13003,,43.5805,-125.1525,possible,definite,-,-,-,-,-,,Probably just fins but maybe blues also,
39,08/25/2014 03:21:00,56,1,13F13002,,43.5927,-125.1495,possible,definite,-,-,-,-,-,,Probably just fins but maybe blues also,
40,08/31/2014 02:27:43,52,0,13F13003,,44.5066,-124.9290,-,-,-,-,-,-,-,,"NOTHING, even though deployed opportunistically in a fin group",
41,08/31/2014 03:38:13,54,0,13F13003,,44.5543,-125.0154,-,probable,possible,-,-,-,-,,"Good range of fin whale call types, though it included a few uknown calls which could be (though unlikely) Sei or Blue)",
42,08/31/2014 03:46:15,56,1,13F13002,,44.5699,-125.0214,-,probable,possible,-,-,-,-,,"Good range of fin whale call types, though it included a few uknown calls which could be (though unlikely) Sei or Blue)",
43,09/01/2014 04:13:52,56,0,13F13003,,44.0727,-126.7836,-,probable,-,-,-,-,-,,"20Hz fin whale-like calls, and one possible biological tonal call at 6-8Hz, followed by 2-15Hz pulse train",
44,09/01/2014 04:23:51,59,1,13F13002,,44.0731,-126.8074,-,probable,-,-,-,-,-,,"20Hz fin whale-like calls, and one possible biological tonal call at 6-8Hz, followed by 2-15Hz pulse train",
45,09/01/2014 03:34:21,56,1,13F13002,20,44.0919,-129.9606,probable,probable,possible,-,-,-,-,,"9/2/2014  3:34:21 AM deployment of buoy #1. 8 hours, Ocean Starr patrolling back and forth 2 miles from deployment locations (may be possible to measure buoy drift). Recorded for 8 hours, but monitored for only ~1.5.",
46,09/02/2014 03:43:55,54,0,13F13003,20,44.0742,-129.9509,-,-,-,-,-,-,-,,Just noise from poor conection between VHF receiver and fireface. Discovered this the next day.,
47,09/03/2014 01:21:09,52,0,13F13003,20,43.2708,-131.0227,probable,probable,possible,-,-,-,-,," 20 Hz fin whale calls. Low frequency (<100 Hz) downsweeps from 100-50, 75-50, and 50-20.",
48,09/03/2014 01:37:20,56,1,13F13002,20,43.2897,-131.0383,probable,probable,possible,-,-,-,-,," 20 Hz fin whale calls. Low frequency (<100 Hz) downsweeps from 100-50, 75-50, and 50-20.",
49,09/04/2014 02:14:01,52,1,13F13002,20,42.9895,-129.7158,definite,definite,possible,-,-,-,-,,"blue whale b calls dominate the beginning of this recording, some fm downsweeps (fin whale like, but could possibly be sei whales too), 20 hz fin whale pulses.",
50,09/04/2014 02:22:24,56,0,13F13003,20,42.9732,-129.7183,definite,definite,possible,possible,-,-,-,,"blue whale b calls dominate the beginning of this recording, some fm downsweeps (fin whale like, but could possibly be sei whales too), 20 hz fin whale pulses.",
51,09/06/2014 02:10:08,52,0,13F13003,20,42.8976,-129.4828,probable,definite,-,-,-,-,-,,"20 Hz fin whale calls at moderate intensity, blue whale b calls (44/29 Hz) very faint",
52,09/06/2014 02:20:43,56,1,13F13002,20,42.8799,-129.4820,probable,definite,-,-,-,-,-,,"20 Hz fin whale calls at moderate intensity, blue whale b calls (44/29 Hz) very faint",
53,09/06/2014 20:29:45,52,0,13F13003,20,41.6720,-129.1055,definite,probable,possible,-,-,definite,-,,"multiple Pm clicking, detailed Blue Whale calls, varity of downsweeps.",
54,09/06/2014 20:36:03,56,1,13F13002,20,41.6557,-129.1056,definite,probable,possible,-,-,definite,-,,"less obvious Pm clicking, detailed Blue Whale calls, varity of downsweeps.",
55,09/08/2014 03:14:46,52,0,13F13003,20,40.4485,-127.8848,-,definite,-,-,-,-,-,,Fin whales,
56,09/08/2014 03:23:49,56,1,13F13002,20,40.4301,-127.8849,-,definite,-,-,-,-,-,,Fin whales,
57,09/08/2014 16:55:23,52,0 and 1,13F13003 and 13F13002,20,39.6685,-127.9208,possible,probable,-,-,-,-,-,,Opportunistic deployment near two blue whales. Whale and Ocean Starr spent a lot of time near the buoy,
58,09/09/2014 02:20:41,52,0,13F13003,20,39.5391,-126.5813,possible,probable,-,-,-,-,-,,Mostly ship noise from large cargo-container ship nearby. 20 Hz fin whale calls and lower frequency components of blue whale b calls audible,
59,09/09/2014 02:29:06,56,1,13F13002,20,39.5570,-126.5821,possible,probable,-,-,-,-,-,,Mostly ship noise from large cargo-container ship nearby. 20 Hz fin whale calls and lower frequency components of blue whale b calls audible,
60,09/09/2014 19:36:15,52,0 and 1,13F13003 and 13F13002,20,40.1903,-126.3491,-,definite,possible,possible,-,-,-,,opportunistic launch on fin whales during biopsying.  Strange humpback-like sounds,
61,09/09/2014 21:15:06,56,1,?,20,40.2148,-126.3216,-,definite,possible,possible,-,-,-,,"Ch0 is SB60 and Ch1 is SB61, opportunistic launch on fin whales during biopsying. Second buoy for localization.",
62,09/10/2014 02:52:35,52,0,13F13003,20,40.4933,-126.1752,probable,definite,possible,-,-,-,-,,fin whales still in area during launch from S280,
63,09/10/2014 02:58:21,56,1,13F13002,20,40.4785,-126.1694,probable,definite,possible,-,-,-,possible,,fin whales still in area.,
64,09/13/2014 02:46:58,52,0,13F13003,20,42.5017,-127.1659,possible,probable,-,-,-,-,-,,very faint 20Hz downpulses.,
65,09/13/2014 02:56:35,56,1,13F13002,20,42.4859,-127.1699,possible,probable,-,-,-,-,-,,very faint 20Hz downpulses.,
66,09/14/2014 00:26:55,52,0 and 1,13F13003 and 13F13002,20,43.4011,-126.9308,-,probable,-,-,-,-,-,,very faint 20Hz downpulses near a fin whale.  Though the downsweeps were distant for the opportunitic animal in question.,
67,09/14/2014 02:32:16,56,0,13F13003,20,43.5414,-126.8582,-,definite,possible,definite,-,definite,-,,"good fin whale doublets, first arrival of Pm",
68,09/14/2014 02:45:12,54,1,13F13002,20,43.5581,-126.8592,-,definite,possible,definite,-,definite,-,,"good fin whale doublets, better HBW vox",
69,09/15/2014 02:49:15,52,0,13F13003,20,42.8244,-128.7004,probable,definite,-,possible,-,-,-,,"very strong fin whale 40-25 Hz downsweeps, also intense 20 Hz fin whale calls.",
70,09/15/2014 02:55:38,56,1,13F13002,20,42.8079,-128.7020,probable,definite,-,possible,-,-,-,,"very strong fin whale 40-25 Hz downsweeps, also intense 20 Hz fin whale calls.",
71,09/15/2014 23:30:14,54,0 and 1,13F13003 and 13F13002,20,42.6655,-126.9533,-,-,-,definite,-,probable,-,,,
72,09/16/2014 02:48:11,52,0,13F13003,20,42.3899,-126.5711,probable,definite,,probable,-,definite,-,,,
73,09/16/2014 02:54:29,56,1,13F13002,20,42.4059,-126.5800,probable,definite,,probable,-,definite,-,,,
74,09/17/2014 03:44:01,52,0,13F13003,20,41.9323,-124.5314,definite,probable,possible,definite,-,-,-,,deployed over shelf break 150 m sea floor depth. Moderate ship noise throughout. ,
75,09/17/2014 03:51:34,56,1,13F13002,20,41.9380,-124.5559,definite,probable,possible,definite,-,-,-,,deployed over shelf break 150 m sea floor depth. Moderate ship noise throughout. ,
76,09/19/2014 02:55:47,52,0,13F13003,20,41.0841,-127.6713,-,definite,-,-,-,-,-,,faint 20Hz downsweep pulses.,
77,09/19/2014 03:01:49,56,1,13F13002,20,41.0696,-127.6821,-,definite,-,-,-,-,-,,faint 20Hz downsweep pulses.,
78,09/20/2014 02:52:48,52,0,13F13003,20,40.7747,-126.1546,definite,probable,possible,definite,-,-,-,,Strange 45* downward slope calls from 50-30Hz.,
79,09/20/2014 02:59:56,56,1,13F13002,20,40.7579,-126.1578,definite,probable,possible,definite,-,-,-,,Strange 45* downward slope calls from 50-30Hz.,
80,09/20/2014 22:18:08,54,0 and 1,13F13003 and 13F13002,20,39.9322,-124.8455,definite,definite,possible,-,-,-,-,,"Good pulse calls from the blue whales, presumably recorded photographed fin whale (loud calls)",
81,09/20/2014 23:58:42,52,0 and 1,13F13003 and 13F13002,20,39.8494,-124.9564,definite,definite,possible,-,-,-,-,,Doublets and triplets of 20Hz downsweeps,
81,09/20/2014 23:58:42,52,0,13F13003,20,39.8494,-124.9564,definite,definite,possible,-,-,-,-,,high diverity of calls,
82,09/21/2014 01:58:36,56,1,13F13002,20,39.8661,-124.9785,definite,definite,possible,-,-,-,-,,high diverity of calls,
83,09/21/2014 15:39:49,54,0 and 1,13F13003 and 13F13002,20,39.7108,-124.9733,possible,definite,-,-,-,-,-,,deployed near blue whale when a fin whale was still in the vacinity,
84,09/26/2014 03:05:11,52,0,13F13002,20,37.4884,-123.8839,definite,definite,probable,definite,-,-,-,,"Good varity of blue, fin, probable sei, and humpback song.",
85,09/26/2014 03:10:38,56,1,13F13003,20,37.4910,-123.8943,definite,definite,probable,definite,-,-,-,,"LAT AND LONG WERE NOT SECURED.  Within one mile of first buoy. Good varity of blue, fin, probable sei, and humpback song.  ",
86,09/26/2014 16:31:09,54,0 and 1,13F13003 and 13F13002,20,37.6929,-124.6995,definite,definite,-,-,-,-,-,,"opp buoy, dolphins detected, A242,D.de.",
87,09/27/2014 02:25:58,52,1,13F13002,20,37.8599,-125.8164,-,-,-,-,-,-,-,,FAIL,
89,09/27/2014 02:33:27,56,0,13F13003,20,37.8647,-125.8369,possible,definite,possible,-,possible,-,-,,"Good range of call types, possible Bryde's Be6 calls!",
90,09/27/2014 02:41:27,54,1,13F13002,20,37.8700,-125.8596,possible,definite,possible,-,possible,-,-,,"Good range of call types, possible Bryde's Be6 calls!",
91,09/28/2014 02:36:47,52,1,13F13002,20,38.3387,-127.9805,-,-,-,-,-,-,-,,FAIL,
92,09/28/2014 02:47:22,56,0,13F13003,20,38.3586,-127.9842,-,probable,possible,-,-,-,-,,just20Hz downsweep pulses,
93,09/28/2014 02:57:29,54,1,13F13002,20,38.3776,-127.9895,-,probable,possible,-,-,-,-,,just20Hz downsweep pulses,
94,09/29/2014 03:40:34,52,1,13F13003 and 13F13002,20,38.6005,-128.5251,-,-,-,possible,-,-,-,,Pretty useless night.  52 recorded on both channels after 56 failed.,
95,09/29/2014 03:41:45,56,0,N/a,20,38.6010,-128.5255,-,-,-,-,-,-,-,,FAIL - could not relaunch because Night-ops had already started.,
97,09/29/2014 16:50:02,52,0 and 1,13F13003 and 13F13002,20,39.4241,-128.3313,possible,definite,-,-,possible,definite,-,,"opp deployment on a fin whale, no biopsy.  Calls is Bryde's range - Be5",
98,09/30/2014 02:24:19,52,1,13F13002,20,39.8847,-128.9227,possible,definite,possible,-,possible,-,-,,"many fin/sei type calls,blues at the very end, and possible Bryde's.",
99,09/30/2014 02:30:07,56,0,13F13003,20,39.8884,-128.9406,-,-,-,-,-,-,-,,FAIL,
100,09/30/2014 02:38:18,54,0,13F13003,20,39.8939,-128.9656,possible,definite,possible,-,possible,-,-,,"many fin/sei type calls,blues at the very end, and possible Bryde's.",
101,09/30/2014 20:53:35,54,0 and 1,13F13003 and 13F13002,20,41.5900,-130.2136,-,-,-,-,-,-,-,,"opp launch on a fin whale, no vocals detected by monitor.",
102,10/01/2014 02:54:38,52,1,13F13002,20,41.8030,-130.7577,possible,-,-,-,-,-,-,,pulse train a possible blue whale pulse call (was not seen by etg),
103,10/01/2014 03:02:02,56,0,13F13003,20,41.8139,-130.7764,possible,-,-,-,-,-,-,,pulse train a possible blue whale pulse call (was not seen by etg),
104,10/01/2014 19:56:42,52,0 and 1,13F13003 and 13F13002,20,42.3720,-130.5145,-,possible,possible,-,-,-,-,,opp deployment on a Sei whale.,
105,10/02/2014 02:40:09,52,1,13F13002,20,41.8292,-130.8649,-,probable,possible,-,-,-,possible,,"Ecolocation and burst pulses, with 'meow'-like qualities.  Not distinctive for killer whales.",
106,10/02/2014 02:53:00,56,0,13F13003,20,41.8207,-130.8886,-,probable,possible,-,-,-,possible,,"Ecolocation and burst pulses, with 'meow'-like qualities.  Not distinctive for killer whales.",
107,10/03/2014 02:27:14,52,1,13F13002,20,40.1218,-129.6985,-,possible,possible,-,-,-,-,,150-250Hz Upsweeps!  Fin/Sei like calls faintly around.,
108,10/03/2014 02:36:22,56,0,13F13003,20,40.1142,-129.7175,-,possible,possible,-,-,-,-,,150-250Hz Upsweeps!  Fin/Sei like calls faintly around.,
110,10/03/2014 18:24:27,54,0 and 1,13F13003 and 13F13002,20,40.1969,-130.3794,-,possible,possible,-,-,-,-,,"""high"" freq tonals, ~50-40Hz, opp fin whale deployment.",
111,10/04/2014 02:13:23,52,1,13F13002,20,40.0441,-129.6470,definite,probable,possible,definite,possible,definite,-,,"20Hz downsweeps, faint, probably not but could have been from Sei/Bryde's sighting at end of day, minimal BW calls.  Frequent Pm and HBW calls.",
112,10/04/2014 02:26:28,56,0,13F13003,20,40.0271,-129.6401,definite,probable,possible,definite,possible,definite,-,,"20Hz downsweeps, faint, probably not but could have been from Sei/Bryde's sighting at end of day, minimal BW calls.  Frequent Pm and HBW calls.",
113,10/04/2014 22:56:03,54,0 and 1,13F13003 and 13F13002,20,39.4933,-129.8644,definite,probable,possible,-,-,-,-,,faint calls on an opp sighting,
114,10/05/2014 02:24:39,52,1,13F13002,20,39.1238,-129.9771,-,-,-,possible,-,-,-,,mid frequency calls,
115,10/05/2014 02:32:44,56,0,13F13003,20,39.1066,-129.9853,-,-,-,possible,-,-,-,,mid frequency calls,
116,10/06/2014 02:10:42,52,1,13F13002,20,38.3157,-128.2633,definite,probable,possible,-,-,-,-,,Also som mid-frequency clicks which could be mechanical,
117,10/06/2014 00:00:00,56,0,13F13003,20,38.3102,-128.2430,definite,probable,possible,-,-,-,-,,Also som mid-frequency clicks which could be mechanical,
118,10/06/2014 20:38:11,54,0 and 1,13F13003 and 13F13002,20,37.3005,-128.9377,-,possible,possible,-,-,-,-,,"faint 20Hz downsweep pulses, possible grampus clicks",
119,10/07/2014 02:25:59,52,0,13F13003,20,36.8120,-128.5107,definite,probable,probable,-,-,-,-,,Possible other animal not identified vocalizing,
120,10/07/2014 02:33:07,56,1,13F13002,20,36.8068,-128.4900,definite,probable,probable,-,-,-,-,,Possible other animal not identified vocalizing,
121,10/08/2014 03:03:45,52,1,13F13002,20,35.4243,-127.9352,-,-,-,-,-,-,-,,no vox detected,
122,10/08/2014 03:10:46,56,0,13F13002,20,35.4397,-127.9258,-,-,-,-,-,-,-,,no vox detected,
123,10/08/2014 21:06:22,54,0,13F13003,20,36.3626,-126.1512,possible,-,-,-,-,probable,-,,recorded on ch0 only. Opp deployment,
124,10/09/2014 02:17:58,52,1,13F13002,20,36.1970,-125.6300,probable,definite,probable,-,-,-,-,,,
125,10/09/2014 02:36:33,56,0,13F13003,20,36.1914,-125.6055,-,-,-,-,-,-,-,,Don-a-buoy! No satisfying vocals recorded.,
126,10/10/2014 02:09:22,52,1,13F13003,20,35.8667,-123.9777,definite,probable,possible,-,-,-,-,,Varity of interesting vocals,
127,10/10/2014 02:17:25,56,0,13F13002,20,35.8621,-123.9571,definite,probable,probable,-,-,-,-,,"Varity of interesting vocals, possible blue whale d-calls!",
128,10/10/2014 15:40:30,54,0 and 1,13F13003 and 13F13002,20,35.7126,-123.2491,definite,definite,possible,-,-,-,-,,opp deployment on two blue whales,
129,10/11/2014 02:06:34,52,1,13F13003,20,35.4691,-122.0583,definite,probable,possible,-,-,-,-,,really strong 20Hz pulses and blue whale calls,
130,10/11/2014 02:16:08,56,0,13F13002,20,35.4651,-122.0381,definite,probable,possible,-,-,-,-,,really strong 20Hz pulses and blue whale calls,
131,10/12/2014 02:08:55,52,0,13F13003,20,35.5042,-121.1413,definite,definite,probable,definite,-,-,-,,good HBW vox,
132,10/12/2014 02:17:37,56,1,13F13002,20,35.5190,-121.1528,definite,definite,probable,definite,-,-,-,,good HBW vox,
135,10/13/2014 01:53:56,52,1,13F13002,20,34.5104,-121.5773,definite,definite,possible,-,-,-,-,,"Most likely Fin and Blue only, but Sei's could always be in the mix.  Strong and loud Blue whale calls and 20Hz pulses.",
136,10/13/2014 02:04:47,56,0,13F13003,20,34.5099,-121.5982,definite,definite,possible,-,-,-,-,,"Most likely Fin and Blue only, but Sei's could always be in the mix.  Strong and loud Blue whale calls and 20Hz pulses.",
138,10/13/2014 18:22:04,54,0 and 1,13F13003 and 13F13002,20,33.6067,-121.9217,probable,definite,possible,-,-,-,-,,opp launch on a mix speices group,
139,10/14/2014 01:40:37,52,0,13F13002,20,32.7941,-122.2015,definite,probable,possible,-,-,-,-,,Good for blue whale calls,
140,10/14/2014 01:49:34,56,1,13F13003,20,32.7761,-122.2067,definite,probable,possible,-,-,-,-,,Good for blue whale calls,
141,10/15/2014 01:36:13,52,0,13F13003,20,32.2966,-120.6490,definite,definite,possible,-,-,-,-,,Good for blue whale calls,
142,10/15/2014 01:45:06,56,1,13F13002,20,32.3128,-120.6425,definite,probable,possible,-,-,-,-,,Good for blue whale calls,
143,10/15/2014 23:01:21,54,0 and 1,13F13003 and 13F13002,20,33.4619,-120.2905,definite,definite,-,-,-,-,-,,"opp launch on fin whale, REALLY nice fin whale calls!",
144,10/16/2014 02:03:01,52,0,13F13003,20,33.6288,-120.3442,definite,definite,possible,-,-,-,-,,really lovely examples of fin and blue whale calls,
145,10/16/2014 02:14:30,56,1,13F13002,20,33.6464,-120.3442,definite,definite,possible,-,-,-,-,,really lovely examples of fin and blue whale calls,
146,10/18/2014 02:31:15,52,0,13F13003,20,33.2087,-118.7331,definite,definite,-,-,-,-,-,,loud blue and fin whale calls.  PG channel and reciever number may be incorrect.,
147,10/18/2014 02:37:28,54,1,13F13002,20,33.2038,-118.7143,definite,definite,-,-,-,-,-,,loud blue and fin whale calls.  PG channel and reciever number may be incorrect.,
148,10/23/2014 01:54:46,52,0,13F13003,20,33.0741,-118.0594,definite,definite,-,-,-,-,-,,Good for blue whale calls,
149,10/23/2014 02:02:11,54,1,13F13002,20,33.0811,-118.0745,definite,definite,-,-,-,-,-,,Good for blue whale calls,
152,10/24/2014 01:59:25,52,0,13F13003,20,32.7254,-118.9030,definite,definite,possible,definite,-,-,possible,,"Echolocation and BPs noted on both channels: some low Hz odontocete, 300Hz tonal call, 75-125 tonal calls. Possibly a weird 'other' sp.",
153,10/24/2014 02:06:09,54,1,13F13002,20,32.7088,-118.9081,definite,definite,possible,definite,-,-,possible,,"Echolocation and BPs noted on both channels: some low Hz odontocete, 300Hz tonal call, 75-125 tonal calls. Possibly a weird 'other' sp.",
154,10/25/2014 01:58:28,52,1,13F13003,20,31.0555,-119.6503,definite,probable,-,-,-,-,-,,"one blue whale A-call, interesting sound at 660Hz.",
155,10/25/2014 02:05:45,56,0,13F13002,20,31.0519,-119.6700,definite,probable,-,-,-,-,-,,"one blue whale A-call, interesting sound at 660Hz.",
156,10/26/2014 01:47:35,52,1,13F13003,20,31.0946,-122.6994,-,-,-,-,-,-,-,,no interesting sounds,
157,10/26/2014 01:55:53,56,0,13F13002,20,31.1026,-122.7186,-,-,-,-,possible,-,-,,"possible Pm, but probably not.",
158,10/27/2014 02:40:38,52,1,13F13003,20,31.6248,-124.9281,-,-,-,-,probable,-,-,,Pm.,
159,10/27/2014 02:54:06,56,0,13F13002,20,31.6307,-124.9480,-,-,-,-,definite,-,-,,"Pm, and tonals around 250Hz",
160,10/29/2014 02:09:17,52,0,13F13003,20,32.1220,-125.7010,-,-,-,-,-,-,-,,Quite,
161,10/29/2014 02:21:51,56,1,13F13002,20,32.1389,-125.6940,-,-,-,possible,-,-,-,,possible HBW.,
163,10/31/2014 02:10:37,52,0,13F13002,20,33.9743,-126.7538,-,-,-,-,-,definite,-,,likely odontocete chirps during monitoring,
164,10/31/2014 02:26:24,56,1,13F13003,20,33.9921,-126.7417,-,-,-,-,-,definite,possible,,likely odontocete chirps during monitoring,
165,10/31/2014 20:50:12,54,0,13F13003,20,35.4289,-126.2810,-,-,definite,-,-,-,-,,Strange moan/hush sound.,
166,10/31/2014 21:38:19,52,1,13F13002,20,35.4635,-126.2923,-,-,-,-,-,-,-,,Strange moan/hush sound.,
167,11/02/2014 01:09:21,52,1,13F13002,20,36.0108,-126.2186,definite,definite,possible,possible,-,-,-,,"40Hz pulses,blue and fin whales, mostly quite.",
168,11/02/2014 01:27:59,56,0,13F13003,20,36.0251,-126.2275,definite,definite,possible,possible,-,-,-,,"40Hz pulses,blue and fin whales, mostly quite.",
169,11/02/2014 16:10:33,52,0,13F13003,20,36.1636,-126.0120,definite,-,-,-,-,-,definite,,Opp launch on killer whale kill.  This SB was recorded on both channels for about a half hour ,
170,11/02/2014 16:44:06,56,1,13F13002,20,36.1638,-126.0305,definite,possible,-,-,-,-,definite,,Opp launch on killer whales a mile away from the org location.,
171,11/03/2014 22:05:47,54,0 and 1,13F13003 and 13F13002,20,37.5519,-125.5983,-,-,-,-,-,definite,-,,"Opp launch on a possible Sei Whale, went down as a 199.  Higer freq vox from small odontocetes.",
172,11/04/2014 03:18:25,52,0,13F13003,20,37.7341,-125.5020,possible,-,-,-,-,definite,-,,strange chirping sounds,
173,11/04/2014 03:33:30,56,1,13F13002,20,37.7255,-125.5207,possible,-,-,-,-,-,-,,strange chirping sounds,
175,11/04/2014 23:04:27,54,0 and 1,13F13003 and 13F13002,20,38.5187,-125.2586,definite,probable,probable,-,-,definite,-,,"Hush sound, good blue whale range of calls, with the 15Hz harmonic on the B call.",
176,11/05/2014 02:57:17,56,0,13F13003,20,38.6271,-125.3985,definite,probable,probable,definite,-,definite,possible,,"Hush sound, echolocating odontocete, and a good range of other animals.",
177,11/05/2014 03:05:33,52,1,13F13002,20,38.6276,-125.4203,definite,probable,probable,definite,-,definite,possible,,"Hush sound, echolocating odontocete, and a good range of other animals.",
178,11/06/2014 02:56:44,52,1,13F13002,20,39.2657,-125.8730,definite,-,-,-,-,definite,-,,lost signal for much of the monitoring,
179,11/06/2014 03:09:29,56,0,13F13003,20,39.2658,-125.8502,definite,probable,probable,definite,-,-,-,,"Blues, HBs and 20Hz pulses.",
180,11/06/2014 16:50:19,54,0 and 1,13F13003 and 13F13002,20,39.4648,-126.5661,definite,probable,probable,-,-,definite,-,,"Blue B calls, 20Hz pulses, Pm",
181,11/07/2014 03:07:55,52,0,13F13003,20,38.5048,-126.9381,-,-,-,-,-,-,-,,Did not pick up the same recordings as channel 1 that evening,
182,11/07/2014 03:18:13,56,1,13F13002,20,38.5047,-126.9627,-,probable,-,probable,-,-,-,,"20Hz pulses, 600Hz upsweeps",
183,11/09/2014 03:04:27,52,0,13F13002,20,37.9750,-127.1060,-,-,-,-,-,definite,-,,Sperm whales!,
184,11/09/2014 03:13:39,56,1,13F13003,20,37.9808,-127.1279,-,-,-,-,-,definite,-,,Sperm whales!,
185,11/11/2014 23:22:28,54,0 and 1,13F13003 and 13F13002,20,37.9537,-123.7597,definite,definite,possible,-,-,-,-,,"opp launch on fin whale, REALLY nice fin whale calls!",
186,11/12/2014 02:58:05,54,0,13F13003,20,37.8883,-123.9706,definite,probable,-,definite,-,-,-,,mystery BP at 2.5-5kHz.,
187,11/12/2014 03:05:48,56,1,13F13002,20,37.8714,-123.9795,definite,probable,-,definite,-,-,-,,mystery BP at 2.5-5kHz.,
188,11/12/2014 18:46:55,54,0 and 1,13F13003 and 13F13002,20,37.5314,-123.8921,definite,definite,-,-,-,-,definite,,opp launch on killer whales  ,
189,11/13/2014 02:52:08,52,0,13F13003,20,37.7459,-123.8152,definite,probable,possible,-,-,-,-,,Really amazing Blue whale vox,
290,11/13/2014 02:59:21,56,1,13F13002,20,37.7483,-123.7945,definite,probable,possible,-,-,-,-,,Really amazing Blue whale vox,
192,11/20/2014 21:06:06,54,0 and 1,13F13003 and 13F13002,20,36.2479,-122.6998,definite,definite,-,-,-,-,-,,S812,
193,11/22/2014 03:41:08,52,0,13F13003,20,35.9632,-124.5124,-,definite,-,probable,-,-,-,,Interesting other sounds to go back and look at later.,
194,11/22/2014 03:50:27,56,1,13F13002,20,35.9628,-124.4921,-,definite,-,probable,-,-,-,,Interesting other sounds to go back and look at later.,
195,11/23/2014 03:12:38,52,0,13F13003,20,33.9136,-125.1079,-,-,-,-,-,-,-,,Nothing during realtime montitoring,
196,11/23/2014 03:22:10,56,1,13F13002,20,33.8975,-125.1107,-,-,-,-,-,-,-,,Nothing during realtime montitoring,
197,11/24/2014 01:19:40,52,0,13F13003,20,32.9987,-124.6348,definite,definite,-,-,-,-,-,,Interesting other sounds to go back and look at later.,
198,11/24/2014 01:32:48,56,1,13F13002,20,33.0158,-124.6289,definite,definite,-,-,-,-,-,,Interesting other sounds to go back and look at later.,
199,11/25/2014 19:03:32,54,0 and 1,13F13003 and 13F13002,20,35.4707,-123.0353,definite,definite,-,definite,-,-,-,,S836 and S837,
200,11/26/2014 01:23:09,52,0,13F13002,20,34.8278,-123.1980,definite,-,-,-,-,-,-,,Just blue whales,
201,11/26/2014 01:32:16,56,1,13F13003,20,34.8126,-123.2071,definite,-,-,-,-,-,-,,Just blue whales,
202,11/27/2014 01:11:01,52,0,13F13003,20,33.8608,-121.8605,definite,definite,-,-,-,-,-,,,
203,11/27/2014 01:19:13,56,1,13F13002,20,33.8779,-121.8692,definite,definite,-,-,-,-,-,,,
204,11/28/2014 03:44:30,52,0,13F13003,20,33.2697,-123.6720,definite,definite,-,definite,-,-,-,,Interesting other sounds to go back and look at later.,
205,11/28/2014 03:53:33,56,N/a,N/a,20,33.2599,-123.6868,-,-,-,-,-,-,-,,Was DUD!,
206,11/28/2014 03:57:23,54,1,13F13002,20,33.2558,-123.6927,definite,definite,-,definite,-,-,-,,Interesting other sounds to go back and look at later.,
207,11/29/2014 01:19:48,52,0,13F13003,20,32.9739,-124.5642,-,definite,-,-,-,-,-,,Possible Minke,
208,11/29/2014 01:30:05,56,1,13F13002,20,32.9842,-124.5809,-,definite,-,-,-,-,-,,Possible Minke,
209,11/30/2014 01:07:13,52,0,13F13003,20,32.5066,-122.6556,-,definite,-,-,-,-,-,,,
210,11/30/2014 01:15:27,56,1,13F13002,20,32.5050,-122.6357,-,definite,-,-,-,-,-,,,
211,11/30/2014 15:49:20,54,0 and 1,13F13003 and 13F13002,20,32.0752,-120.5682,definite,definite,-,-,-,-,-,,s887,
212,11/30/2014 16:35:50,56,1,13F13002,20,32.0169,-120.5305,definite,definite,-,-,-,-,-,,s887,
213,12/01/2014 00:57:38,50,0,13F13003,20,31.8056,-119.2613,definite,definite,-,-,-,-,-,,,
214,12/01/2014 01:07:04,52,1,13F13002,20,31.7899,-119.2517,definite,definite,-,-,-,-,-,,,
215,12/02/2014 00:48:08,52,0,13F13003,20,32.1906,-119.3530,-,definite,definite,definite,definite,-,,,Baleen soup!!!,
216,12/02/2014 00:57:25,56,1,13F13002,20,32.2037,-119.3381,-,definite,definite,definite,definite,-,-,,Baleen soup!!!,
219,12/03/2014 21:07:47,54,0 and 1,13F13003 and 13F13002,20,31.3855,-120.9316,possible,possible,-,-,-,-,-,,"s901, all very very faint calls",
220,12/05/2014 01:09:42,52,0,13F13003,20,31.1150,-122.7436,definite,possible,-,-,-,-,-,,,
221,12/05/2014 01:17:56,56,1,13F13002,20,31.1207,-122.7637,definite,possible,-,-,-,-,-,,,
222,12/06/2014 01:14:09,52,0,13F13003,20,32.4548,-122.5854,definite,-,-,-,-,-,-,definite,,
223,12/06/2014 01:22:52,56,1,13F13002,20,32.4376,-122.5887,definite,-,-,-,-,-,-,definite,,
224,12/07/2014 01:10:34,52,0,13F13003,20,30.8677,-124.4777,definite,definite,-,-,-,-,-,definite,,
225,12/07/2014 01:20:24,56,1,13F13002,20,30.8846,-124.4705,definite,definite,-,-,-,-,-,definite,,
226,12/08/2014 01:10:18,52,0,13F13003,20,31.7231,-122.0100,-,definite,-,-,-,-,-,definite,,
227,12/08/2014 01:17:31,56,1,13F13002,20,31.7274,-121.9919,-,definite,-,-,-,-,-,definite,,
228,12/08/2014 22:07:30,52,0 and 1,13F13003 and 13F13002,20,32.6335,-120.2394,definite,definite,-,-,-,-,-,,s924,
