cruise,sonobuoy_number,date,latitude,longitude,sighting_number,opportunistic_buoy,sonobuoy_type,channel,depth,hours_to_scuttle,bad_buoys,ship_noise,difar_signal,water_noise,biological_sounds,sounds_detected,dat_tape_number,additional_tapes,reception_distance_nmi,recording_reviewed,comments
1616,1,2000-07-31T16:47:00Z,25.1367,-121.7643,999,Test,53,55,90,999,0,1,1,1,0,NA,999,0,NA,0,"Test, tape=Test1"
1616,4,2000-08-07T02:39:00Z,17.0051,-120.1825,18,Other,53,20,60,999,3,1,1,1,1,NA,2,0,NA,0,NA
1616,5,2000-08-10T18:16:00Z,10.1197,-126.6402,41,Other,53,21,90,999,0,1,1,1,0,NA,3,0,NA,0,NA
1616,7,2000-08-12T21:12:00Z,13.0976,-131.4765,67,Other,53,9,90,999,0,1,1,1,1,NA,4,0,NA,0,NA
1616,8,2000-08-13T16:05:00Z,12.4572,-132.5395,74,Other,53,56,90,999,0,1,1,1,0,NA,5,0,NA,0,NA
1616,11,2000-09-04T17:23:00Z,11.5415,-140.495,133,Other,53,16,90,999,1,1,1,1,1,NA,6,0,NA,0,NA
1616,12,2000-09-08T23:10:00Z,2.3315,-129.3112,140,Other,53,13,90,999,0,1,1,1,0,NA,7,0,NA,0,NA
1616,13,2000-09-09T22:38:00Z,0.3616,-126.8983,144,Other,57A,12,60,999,0,1,1,1,0,NA,8,0,NA,0,NA
1616,14,2000-09-10T21:48:00Z,-2.45,-126.2333,148,Other,53,9,90,999,0,1,1,1,0,NA,9,0,NA,0,NA
1616,15,2000-09-13T19:52:00Z,-4.4166,-119.3408,165,Other,53,15,90,999,0,1,1,1,0,NA,10,0,NA,0,NA
1616,16,2000-09-13T22:34:00Z,-4.3972,-118.9993,168,Other,53,6,90,999,0,1,1,1,0,NA,11,0,NA,0,NA
1616,19,2000-09-14T21:34:00Z,-4.3612,-116.696,173,Other,57,12,60,999,1,1,1,1,1,NA,12,0,NA,0,NA
1616,21,2000-09-15T22:52:00Z,-4.0457,-113.3203,174,Other,57,12,60,999,1,1,1,1,1,NA,13,0,NA,0,NA
1616,22,2000-09-20T17:42:00Z,3.1686,-105.8396,183,Other,53,17,60,999,0,1,1,1,1,NA,14,0,NA,0,NA
1616,24,2000-09-20T21:16:00Z,3.24,-105.24,185,Other,53,5,90,999,1,1,1,1,1,NA,15,0,NA,0,NA
1616,26,2000-09-23T22:45:00Z,5.5433,-95.6333,204,Other,53,55,90,999,0,1,1,1,0,NA,16,0,NA,0,POSSIBLY BAD?
1616,27,2000-09-23T23:30:00Z,5.5152,-95.5758,206,Other,53,12,90,999,0,1,1,1,0,NA,16,1,NA,0,CHECK LOCATION
1616,30,2000-09-24T21:07:00Z,6.6612,-93.2162,211,Other,57,12,90,999,1,1,1,1,1,NA,18,0,NA,0,NA
1616,32,2000-10-10T01:55:00Z,1.4968,-94.33,269,Other,53,5,90,999,1,1,1,1,1,NA,18,0,NA,0,NA
1616,33,2000-10-21T21:46:00Z,-11.6802,-86.9433,307,Other,53,54,90,8,0,1,1,1,0,NA,19,0,NA,0,NA
1616,34,2000-10-21T22:41:00Z,-11.7633,-86.858,308,Other,53,60,90,999,0,1,1,1,0,NA,19,0,NA,0,NA
1616,37,2000-10-24T21:45:00Z,-12.7366,-78.9216,320,Other,57,12,90,999,2,1,1,1,0,NA,20,0,NA,0,NA
1616,38,2000-10-30T19:55:00Z,-9.4927,-79.0322,328,Other,53,60,90,999,0,1,1,1,1,NA,21,0,NA,0,NA
1616,41,2000-10-31T02:48:00Z,-8.7295,-79.0485,333,Other,53,12,90,999,1,0,0,0,0,NA,22,0,NA,0,POSSIBLY A BAD BUOY?
1616,43,2000-11-03T02:45:00Z,-6.9966,-81.1508,358,Other,53,60,999,999,0,1,1,1,1,NA,23,0,NA,0,CHECK ALL LATS AND ALL LONGS… THEY MAY BE IN DIFFERENT FORMATS!!!
1616,44,2000-11-03T03:21:00Z,-6.9928,-81.095,358,Other,53,57,999,999,0,1,1,1,1,NA,23,0,NA,0,"CHECK ALL LATS AND ALL LONGS… THEY MAY BE IN DIFFERENT FORMATS!!!; CHECK INFO IN GREEN BOOK, NOT SURE IF THIS IS CORRECT?"
1616,45,2000-11-03T07:04:00Z,-6.91,-80.835,999,Other,53,61,999,999,0,1,1,1,1,NA,24,0,NA,0,"CHECK ALL LATS AND ALL LONGS… THEY MAY BE IN DIFFERENT FORMATS!!!; CHECK INFO ON BUOYS, AND SIGHTING NUMBER… THIS ONE IS KINDA MESSED UP"
1616,46,2000-11-03T07:42:00Z,-6.8666,-80.745,NA,Other,53,58,999,999,0,1,1,1,1,NA,24,0,NA,0,"CHECK ALL LATS AND ALL LONGS… THEY MAY BE IN DIFFERENT FORMATS!!! CHECK ALL INFO, THERE MAY BE SOME OF THIS WRONG"
1616,50,2000-11-26T19:27:00Z,7.454,-98.0603,478,Other,53,17,90,999,1,1,1,1,1,NA,25,0,NA,0,NA
1616,51,2000-11-30T01:43:00Z,9.3098,-108.1698,506,Other,53,62,90,999,0,1,1,1,1,NA,26,0,NA,0,NA
1616,52,2000-12-03T01:05:00Z,14.796,-113.3952,520,Other,53,57,90,999,0,1,1,1,0,NA,27,0,NA,0,NA
1616,55,2000-12-06T01:48:00Z,23.3938,-113.4475,556,Other,53,60,90,999,1,1,1,1,1,NA,28,0,NA,0,NA
1616,57,2000-12-06T02:36:00Z,23.5215,-113.4743,999,Night,53,63,90,999,0,1,1,1,1,NA,28,0,NA,0,NA
1616,58,2000-12-07T02:37:00Z,26.052,-115.201,999,Night,53,60,90,999,0,1,1,1,1,NA,29,0,NA,0,NA
1616,59,2000-12-07T02:45:00Z,26.065,-115.214,999,Night,53,55,90,999,0,1,1,1,1,NA,29,0,NA,0,NA
1615,5,2000-08-07T02:11:00Z,24.0896,-111.6546,1104,Other,53A,21,90,999,1,1,1,0,1,NA,1,0,NA,0,NA
1615,6,2000-08-07T16:57:00Z,23.0736,-110.6755,1108,Other,53A,9,90,999,0,1,1,1,0,NA,1,0,NA,0,NA
1615,7,2000-08-08T21:21:00Z,21.9325,-108.7613,1121,Other,57A,9,90,999,0,1,0,0,0,NA,2,0,NA,0,NA
1615,9,2000-09-21T17:05:00Z,99.999,999.999,1341,Other,53,15,90,999,1,1,1,1,0,NA,2,0,NA,0,CHECK LAT LONG
1615,10,2000-10-13T02:15:00Z,10.0903,-91.2084,1543,Other,53A,19,90,999,0,1,1,1,0,NA,3,0,NA,0,NA
1615,11,2000-10-13T18:27:00Z,10.9103,-91.886,1545,Other,53A,12,90,999,0,1,1,1,0,NA,4,0,NA,0,NA
1615,12,2000-10-15T02:36:00Z,8.7325,-94.3221,1561,Other,53A,17,90,999,0,1,1,1,0,NA,4,1,NA,0,NA
1615,14,2000-11-01T02:10:00Z,9.8524,-95.615,1648,Other,53A,20,90,999,1,1,1,1,0,NA,6,0,NA,0,NA
1615,15,2000-11-01T16:02:00Z,8.8943,-96.6045,1654,Other,53A,20,90,999,0,1,1,1,0,NA,7,0,NA,0,NA
1615,16,2000-11-13T19:56:00Z,15.2642,-102.6783,1704,Other,53A,28,90,999,0,1,1,1,0,NA,7,0,NA,0,NA
1617,1,2001-08-04T16:40:00Z,35.888,-126.7677,30,Other,53a,28,90,4,1,1,1,1,0,NA,1,0,NA,0,NA
1617,2,2001-08-12T20:21:00Z,45.7616,-124.1795,76,Other,57b,14,90,8,0,1,0,1,1,NA,2,0,NA,0,NA
1617,3,2001-09-04T00:54:00Z,47.1276,-127.934,98,Other,53a,53,90,4,0,1,1,1,1,NA,3,0,NA,0,NA
1617,4,2001-09-21T16:52:00Z,42.8111,-124.6615,179,Other,53d,14,90,4,0,1,1,1,1,NA,4,0,NA,0,NA
1617,5,2001-09-25T01:57:00Z,41.941,-128.119,232,Other,53a,14,90,4,0,1,1,1,1,NA,5,0,NA,0,NA
1617,6,2001-09-25T01:58:00Z,41.9965,-128.272333,232,Other,53a,27,90,4,0,1,1,1,1,NA,5,0,NA,0,CHECK LOCATION: SONOBUOY DEPLOYED BY SMALL BOAT!
1617,7,2001-10-01T02:17:00Z,34.598,-122.9506,261,Other,53A,27,90,4,1,1,1,1,1,NA,6,1,NA,0,NA
1617,8,2001-10-02T22:55:00Z,34.04,-119.1483,272,Other,53A,28,90,4,0,1,1,1,0,NA,9,0,NA,0,NA
1617,9,2001-10-09T19:07:00Z,32.4005,-118.939,291,Other,53A,14,90,4,0,1,1,1,1,NA,10,0,NA,0,"CHECK LOCATION, DEPLOYED BY SMALL BOAT"
1617,10,2001-10-09T19:59:00Z,32.365,-118.9415,291,Other,53A,17,90,4,1,1,1,1,1,NA,10,0,NA,0,NA
1617,11,2001-10-14T16:04:00Z,37.251,-126.7403,299,Other,57A,12,999,4,0,1,1,1,1,NA,11,0,NA,0,NA
1617,12,2001-10-20T16:12:00Z,43.667667,-129.4265,311,Other,57,999,999,999,0,1,0,1,1,NA,12,0,NA,0,CHECK WINCRUZ MAYBE FOR LOCATION?
1617,13,2001-10-26T00:40:00Z,45.2333,-126.9333,339,Other,57,26,90,8,0,0,0,0,0,NA,13,0,NA,0,NA
1617,14,2001-10-26T01:07:00Z,45.2323,-126.9301,339,Other,57B,16,90,8,0,0,0,0,0,NA,13,0,NA,0,NA
1617,15,2001-11-15T22:49:00Z,37.8997,-123.041,412,Other,57,23,60,8,1,1,0,1,1,NA,14,0,NA,0,NA
1617,16,2001-11-18T16:35:00Z,33.8408,-125.9753,415,Other,53D,26,90,8,1,1,1,1,0,NA,15,0,NA,0,NA
1617,17,2001-11-24T01:41:00Z,34.7583,-120.845,NA,Night,57,14,999,999,0,1,0,1,1,Mn,16,0,NA,0,"near s#438, 439 (Mn song)"
1617,18,2001-11-24T02:56:00Z,34.76,-120.98,NA,Night,999,21,999,999,2,1,0,1,1,"Mn, dw",16,1,NA,0,"near s#438, 439 (Mn song)"
1617,19,2001-11-25T20:45:00Z,36.3766,-122.7566,443,NA,999,27,999,999,1,1,0,1,1,NA,18,0,NA,0,NA
1617,20,2001-11-27T00:49:00Z,37.0383,-125.8579,452,Other,999,21,90,8,0,1,0,1,1,NA,19,0,NA,0,NA
1617,21,2001-11-27T22:12:00Z,36.7275,-124.3918,456,Other,53,26,90,8,1,1,0,1,0,NA,20,0,NA,0,also near s#457
1621,1,2002-08-29T13:40:00Z,27.6681,-173.2215,145,Other,53a,29,1000,999,0,1,1,1,0,NA,1,0,NA,0,NA
1621,2,2002-08-29T21:48:00Z,27.9721,-174.4345,147,Other,53a,29,1000,999,0,1,1,1,0,NA,2,0,NA,0,NA
1621,3,2002-09-11T02:18:00Z,28.0168,-178.1806,166,Other,53a,29,90,999,1,1,1,1,1,NA,3,1,NA,0,NA
1621,4,2002-09-12T23:13:00Z,25.9333,-179.7891,169,Other,53a,29,90,999,0,1,1,1,1,NA,5,0,NA,0,NA
1621,5,2002-09-17T17:11:00Z,27.8756,-178.8405,177,Other,53a,29,90,999,0,1,1,1,0,NA,6,0,NA,0,NA
1621,6,2002-10-16T16:20:00Z,25.5685,-174.5061,212,Other,53a,29,90,999,3,1,1,1,1,NA,7,0,NA,0,NA
1621,7,2002-10-18T01:49:00Z,24.6633,-170.9566,224,Other,53a,29,90,999,0,0,0,0,0,NA,8,1,NA,0,NA
1621,8,2002-11-07T16:02:00Z,23.323,-174.779,265,Other,53a,29,90,999,0,1,1,1,0,NA,10,0,NA,0,NA
1621,9,2002-11-08T23:15:00Z,22.4605,-171.766,275,Other,53a,29,90,999,1,1,1,1,0,NA,11,0,NA,0,NA
1621,10,2002-11-21T00:32:00Z,21.422,-156.0095,284,Other,53a,29,90,999,0,1,1,1,1,NA,12,1,NA,0,NA
1621,11,2002-11-22T18:46:00Z,19.342,-154.1746,287,Other,53a,29,90,999,0,1,1,1,1,NA,14,0,NA,0,NA
1623,1,2003-09-17T19:14:00Z,-0.3515,-120.231,243,Other,57B,10,90,8,0,1,1,1,0,NA,1,0,NA,0,NA
1623,2,2003-09-17T21:58:00Z,-0.1031,-120.0243,245,Other,57B,10,90,8,NA,1,1,1,0,NA,2,0,NA,0,NA
1623,3,2003-10-07T22:28:00Z,7.6033,-84.8175,328,Other,57B,10,90,8,NA,1,1,1,1,NA,3,0,NA,0,NA
1623,4,2003-10-09T21:32:00Z,3.505,-86.8591,339,Other,57B,10,90,8,NA,1,1,1,1,NA,4,0,NA,0,NA
1623,5,2003-10-10T21:03:00Z,1.7805,-89.0776,352,Other,57B,10,90,8,NA,1,1,1,1,NA,5,0,NA,0,NA
1623,6,2003-10-12T17:44:00Z,-1.5616,-92.4215,371,Other,57B,10,90,8,3,1,1,1,1,NA,6,0,NA,0,NA
1623,7,2003-10-18T01:06:00Z,-9.537333,-99.725,401,Other,57B,10,90,8,0,1,1,1,1,NA,7,0,NA,0,NA
1623,8,2003-10-19T01:40:00Z,-9.206833,-96.532667,405,Other,57B,10,90,8,0,1,1,1,1,NA,8,0,NA,0,NA
1623,9,2003-10-21T15:49:00Z,-8.8936,-89.1375,414,Other,57,11,90,8,2,1,1,1,0,NA,9,0,NA,0,NA
1623,10,2003-10-21T17:30:00Z,-8.9825,-89.0955,414,Other,57,10,90,8,0,1,1,1,0,NA,9,1,NA,0,NA
1623,12,2003-10-22T17:16:00Z,-11.8336,-88.2248,420,Other,57,10,90,8,1,1,1,1,1,NA,12,0,NA,0,NA
1623,11,2003-10-21T19:27:00Z,-9.1496,-89.009,416,Other,57,10,90,8,1,1,1,1,0,NA,11,0,NA,0,NA
1623,13,2003-10-22T23:44:00Z,-12.4728,-88.0773,427,Other,57,10,90,8,0,1,1,1,1,NA,13,0,NA,0,NA
1623,14,2003-10-23T15:27:00Z,-14.4431,-87.414,428,Other,57,11,90,8,0,1,1,1,1,NA,14,0,NA,0,NA
1623,15,2003-10-24T18:53:00Z,-14.7766,-84.71,431,Other,57,10,90,8,0,1,1,1,1,NA,15,0,NA,0,NA
1623,16,2003-10-25T17:06:00Z,-13.7605,-81.9355,433,Other,57,10,90,8,0,1,1,1,1,NA,16,0,NA,0,NA
1623,17,2003-11-02T17:23:00Z,-9.9416,-78.7726,451,Other,53,54,90,8,0,1,1,1,0,NA,17,0,NA,0,NA
1623,18,2003-11-02T23:03:00Z,-9.5625,-78.5795,455,Other,53,60,90,8,2,0,0,0,0,NA,18,0,NA,0,"POSSIBLY A BAD BUOY, BUT KEPT THE RECORDING"
1623,19,2003-11-03T02:23:00Z,-9.411,-78.737,457,Other,57,10,90,8,0,1,1,1,1,NA,19,0,NA,0,NA
1623,20,2003-11-03T19:03:00Z,-9.0435,-79.3351,466,Other,53,56,90,8,0,1,1,1,1,NA,20,1,NA,0,NA
1623,21,2003-11-03T20:11:00Z,-9.0115,-79.3545,467,Other,53,64,90,8,0,1,1,1,1,NA,20,1,NA,0,NA
1623,22,2003-11-04T21:07:00Z,-7.4806,-79.9611,478,Other,57,10,90,8,0,1,1,1,1,NA,22,1,NA,0,NA
1623,23,2003-11-04T23:47:00Z,-7.3893,-79.9146,481,Other,53,55,90,8,0,1,1,1,1,NA,24,0,NA,0,NA
1623,24,2003-11-06T23:46:00Z,-3.324,-80.6475,490,Other,53,62,90,8,0,1,1,1,0,NA,25,0,NA,0,NA
1623,25,2003-11-08T22:26:00Z,0.39,-80.2496,510,Other,57,10,90,8,0,1,1,1,0,NA,26,0,NA,0,NA
1623,26,2003-11-14T01:45:00Z,6.4968,-79.5846,543,Other,57,10,90,8,0,1,1,1,0,NA,27,0,NA,0,NA
1623,27,2003-11-24T02:37:00Z,9.051,-88.4671,647,Other,53,62,90,8,0,1,1,1,0,NA,28,0,NA,0,NA
1623,28,2003-11-24T18:34:00Z,9.7343,-90.4371,660,Other,52,62,90,8,0,1,1,1,0,NA,29,0,NA,0,NA
1623,29,2003-11-24T20:55:00Z,9.8166,-90.6983,668,Other,53,84,90,8,0,1,1,1,1,NA,30,0,NA,0,NA
1623,30,2003-11-24T22:54:00Z,9.883,-90.89,674,Other,57,10,90,8,0,1,1,1,1,NA,31,0,NA,0,NA
1623,31,2003-11-25T16:45:00Z,9.3061,-92.8403,689,Other,57,10,90,8,0,1,1,1,1,NA,32,0,NA,0,NA
1623,32,2003-11-25T18:01:00Z,9.293,-92.9275,691,Other,53,64,90,8,0,1,1,1,1,NA,33,0,NA,0,NA
1623,33,2003-11-25T20:28:00Z,9.1381,-93.074,695,Other,57,10,90,8,0,1,1,1,1,NA,34,0,NA,0,NA
1623,34,2003-11-27T21:44:00Z,9.1458,-98.61,732,Other,57,10,90,8,0,1,1,1,1,NA,35,0,NA,0,NA
1623,35,2003-11-27T23:17:00Z,9.1586,-98.7255,734,Other,57,11,90,8,0,1,1,1,0,NA,36,0,NA,0,NA
1623,36,2003-12-02T19:24:00Z,15.4303,-112.499,767,Other,57,10,90,8,0,1,1,1,0,NA,37,0,NA,0,NA
1623,37,2003-12-05T18:34:00Z,20.9155,-119.6375,778,Other,57,10,90,8,1,0,0,0,0,NA,38,0,NA,0,POSSIBLY A BAD BUOY
1623,38,2003-12-05T23:30:00Z,21.1261,-120.186,779,Other,57,10,90,8,0,1,1,1,0,NA,39,0,NA,0,NA
1624,1,2003-09-22T21:17:00Z,13.16,-99.05,332,Other,999,999,999,999,0,0,0,0,0,NA,1,0,NA,0,POSSIBLY A BAD BUOY
1624,2,2003-10-11T15:08:00Z,6.2,-92.36,445,Other,999,10,999,999,0,1,1,1,1,NA,2,0,NA,0,NA
1624,3,2003-10-11T18:49:00Z,6.227,-92.6706,447,Other,999,10,999,999,0,1,1,1,1,NA,3,0,NA,0,NA
1624,4,2003-11-12T16:35:00Z,11.4,-112.73,617,Other,999,10,999,999,0,1,1,1,1,NA,4,0,NA,0,NA
1624,5,2003-11-26T18:45:00Z,16.53,-116.8,700,Other,999,10,999,999,0,0,0,0,0,NA,5,0,NA,0,NA
1624,6,2003-12-04T00:50:00Z,22.11,-112.45,722,Other,999,10,999,999,0,0,0,0,0,NA,6,0,NA,0,NA
1624,7,2003-12-07T00:06:00Z,25.36,-116.01,727,Other,999,10,999,999,0,1,0,0,0,NA,7,0,NA,0,NA
1624,8,2003-12-08T21:15:00Z,29.35,-118.13,735,Other,999,10,999,999,0,1,1,1,0,NA,8,0,NA,0,NA
1625,5,2004-07-15T21:30:00Z,58.6691,-144.3976,169,Other,999,56,90,8,0,0,0,0,0,NA,7,1,NA,0,NA
1625,6,2004-07-15T23:48:00Z,58.5581,144.565,174,Other,999,62,999,999,0,1,0,1,1,NA,9,1,NA,0,NA
1625,7,2004-07-19T00:48:00Z,55.6445,148.1766,229,Other,57,1,999,999,0,1,0,1,1,NA,12,1,NA,0,NA
1625,8,2004-08-09T04:20:00Z,56.1028,-165.0631,NA,CTD,999,64,999,8,1,1,0,1,1,NA,14,1,NA,0,NA
1625,9,2004-08-09T11:19:00Z,51.5728,-165.7871,NA,Morning,53a,60,90,8,2,1,1,1,1,pm,16,1,NA,0,NA
1625,10,2004-08-18T11:35:00Z,52.7586,-172.1518,NA,Morning,999,60,NA,8,2,1,0,1,1,pm oo,18,1,NA,0,NA
1625,11,2004-08-19T11:07:00Z,52.5663,169.2321,NA,Morning,999,56,90,8,1,1,0,1,1,pm oo,20,1,NA,0,NA
1625,12,2004-08-19T21:22:00Z,52.5916,-169.2448,444,Other,999,64,90,8,1,1,1,1,1,NA,23,1,NA,0,NA
1625,13,2004-08-19T22:15:00Z,52.044,-168.934,444,Other,999,60,90,8,0,1,1,1,1,NA,24,1,NA,0,NA
1625,14,2004-08-20T13:07:00Z,52.3494,171.4825,NA,Morning,999,58,90,8,0,1,0,1,1,pm oo,27,0,NA,0,note: this is EAST LONGITUDE! We are close to russia!
1625,15,2004-08-23T12:06:00Z,50.4785,179.3395,NA,Morning,53a,56,90,8,0,1,1,1,1,pm,28,1,NA,0,NOTE: THIS IS AT EAST LONGITUDE! NEAR RUSSIA!
1625,16,2004-08-23T23:00:00Z,50.4955,-178.8673,458,Other,999,64,90,8,0,1,1,1,1,NA,30,1,NA,0,"blue whales sounds, but NOT sighted animal!"
1625,17,2004-08-23T23:47:00Z,50.4878,-178.8083,458,Other,999,60,90,8,0,1,1,1,1,NA,30,1,NA,0,NA
1625,18,2004-08-24T00:20:00Z,50.4933,-178.7766,458,Other,999,56,999,999,0,1,1,1,1,NA,31,1,NA,0,NA
1625,19,2004-08-24T11:49:00Z,50.6501,-176.6838,NA,Morning,999,60,90,8,0,1,1,1,1,pm bm,33,1,NA,0,NA
1625,20,2004-08-24T13:22:00Z,50.619,-176.6995,NA,Morning,999,54,90,8,0,1,1,1,1,NA,34,1,NA,0,NA
1625,21,2004-08-25T12:06:00Z,50.8978,-172.8607,NA,Morning,999,64,90,8,0,1,1,1,1,pm bm,36,1,NA,0,NA
1625,22,2004-08-26T12:11:00Z,51.7776,-170.3295,NA,Morning,999,60,90,8,0,1,0,1,1,NA,38,1,NA,0,NA
1625,23,2004-09-04T01:37:00Z,54.9678,-167.6368,540,Other,57,999,999,999,0,1,0,1,1,oo,41,1,NA,0,NA
1625,24,2004-09-04T15:58:00Z,55.6576,-169.3588,544,Other,999,56,90,8,0,1,0,1,1,bp,44,0,NA,0,NA
1625,25,2004-09-07T14:51:00Z,57.0766,-165.7316,NA,Other,999,56,90,8,0,1,1,1,1,"Bp, Ej",45,1,4,0,opportunistic buoy to listen for right whales
1625,26,2004-09-07T20:40:00Z,56.4153,-165.8041,NA,Other,999,56,90,8,0,1,1,1,1,"Ej, Bp, Mn",47,1,NA,0,opportunistic buoy for right whales
1625,27,2004-09-07T22:16:00Z,56.3398,-165.7312,NA,Other,999,60,NA,NA,NA,1,1,1,1,NA,48,1,NA,0,opportunistic buoy for right whales
1625,28,2004-09-08T02:13:00Z,55.9793,-165.9482,567,Other,999,60,90,8,0,1,1,1,1,"Ej, Mn",50,1,NA,0,NA
1625,29,2004-09-08T02:50:00Z,55.9683,-165.81,567,Other,999,56,90,8,0,1,1,1,1,"Ej, Mn",50,1,NA,0,NA
1625,1,2004-07-11T23:23:00Z,58.8153,-140.025,118,Other,53d,58,90,8,0,1,1,1,0,NA,1,0,NA,0,NA
1625,2,2004-07-13T18:00:00Z,59.161,-141.2591,126,Other,57,1,90,8,0,1,0,1,0,NA,2,0,3,0,NA
1625,3,2004-07-15T02:43:00Z,59.2792,-143.6567,148,Other,53d,60,90,8,0,0,0,0,0,NA,3,1,NA,0,"also, s#146, 147, and 145 nearby"
1625,4,2004-07-15T02:45:00Z,59.2778,-143.6597,148,Other,53d,56,90,8,0,0,0,0,0,NA,3,1,NA,0,"also, s#146, 147, and 145 nearby"
1625,30,2004-09-07T07:12:00Z,55.8377,-166.1992,NA,Other,999,56,90,8,1,0,0,0,0,NA,53,1,NA,0,opportunistic buoy for right whales
1625,31,2004-09-08T13:05:00Z,55.7682,-166.1918,NA,Other,999,62,90,8,0,1,1,1,1,NA,58,1,NA,0,opportunistic buoy for right whales
1625,32,2004-09-08T15:25:00Z,55.8526,-166.2368,NA,Other,999,54,90,8,0,1,1,1,1,NA,60,1,NA,0,opportunistic buoy for right whales; many sightings in area
1625,33,2004-09-08T23:22:00Z,55.9029,-166.0097,NA,Other,999,60,90,8,0,1,1,1,1,NA,67,1,NA,0,opportunistic buoy for right whales; many sightings in area
1625,34,2004-09-09T11:23:00Z,55.8297,-166.2923,NA,Other,999,58,90,8,2,1,1,1,1,"Ej, Mn",72,1,NA,0,opportunistic buoy for right whales; many sightings in area
1625,35,2004-09-09T15:18:00Z,55.814,-166.3302,NA,Other,999,56,90,8,0,1,1,1,1,NA,75,1,NA,0,opportunistic buoy for right whales; many sightings in area
1625,36,2004-09-09T18:12:00Z,55.8087,-166.2455,NA,Other,999,62,90,8,0,1,1,1,1,NA,77,1,NA,0,opportunistic buoy for right whales; many sightings in area
1625,37,2004-09-09T21:25:00Z,55.8615,-166.1315,NA,Other,999,54,90,8,0,1,1,1,1,NA,80,0,NA,0,opportunistic buoy for right whales; many sightings in area
1625,38,2007-09-09T21:51:00Z,55.8628,-166.0663,NA,Other,999,60,90,8,0,1,1,1,1,NA,81,1,NA,0,opportunistic buoy for right whales; many sightings in area
1625,39,2004-09-10T01:35:00Z,55.8761,-166.212,NA,Other,999,56,90,8,0,1,1,1,1,NA,84,1,NA,0,opportunistic buoy for right whales; many sightings in area
1625,40,2004-09-10T02:39:00Z,55.8516,-166.2583,NA,Other,999,62,90,8,0,1,1,1,1,NA,84,0,NA,0,opportunistic buoy for right whales; many sightings in area
1625,41,2004-09-10T03:06:00Z,55.7903,-166.2721,NA,Other,999,54,90,8,0,1,1,1,1,NA,84,1,NA,0,opportunistic buoy for right whales; many sightings in area
1625,42,2004-09-15T03:14:00Z,53.282,-165.5016,597,Other,999,999,999,8,1,1,1,1,1,NA,89,1,NA,0,NA
1625,43,2004-09-15T11:18:00Z,53.2911,-165.4733,NA,Night,999,62,90,8,0,1,1,1,1,NA,95,1,NA,0,opportunistic buoy for right whale
1625,44,2004-09-16T12:06:00Z,51.9773,-163.115,NA,Morning,999,62,90,8,0,1,1,1,1,NA,97,0,NA,0,NA
1625,45,2004-09-17T11:58:00Z,51.116,-160.674,NA,Morning,999,60,90,8,1,1,1,1,0,NA,98,0,NA,0,NA
1625,46,2004-09-18T16:02:00Z,53.9441,-159.2796,612,Other,57,21,90,8,0,1,0,1,1,NA,99,0,NA,0,NA
1625,47,2004-09-22T12:06:00Z,55.5225,-155.2021,NA,Morning,999,56,90,8,0,1,1,1,1,NA,100,0,NA,0,NA
1625,48,2004-09-22T19:19:00Z,55.8556,-155.2988,642,Other,57b,21,90,8,0,1,0,1,1,NA,101,0,NA,0,NA
1625,49,2004-09-22T19:51:00Z,55.855,-155.2823,642,Other,57,15,90,8,0,1,0,1,0,NA,101,0,NA,0,NA
1625,50,2004-09-23T12:09:00Z,55.3926,-155.7338,NA,Other,999,58,90,8,0,1,1,1,1,NA,102,0,NA,0,NA
1625,51,2004-09-28T18:09:00Z,56.8811,-152.4805,NA,Other,999,62,90,8,0,1,1,1,1,NA,103,0,NA,0,opportunistic buoy at Albatross Banks; several sightings in area
1625,52,2004-09-28T19:17:00Z,56.9646,-152.4785,NA,Other,999,54,90,8,0,1,1,1,1,NA,103,0,NA,0,opportunistic buoy at Albatross Banks; several sightings in area
1625,53,2004-09-28T19:52:00Z,57.0498,-152.4343,NA,Other,999,58,90,8,NA,1,1,1,1,NA,103,1,NA,0,opportunistic buoy at Albatross Banks; several sightings in area
1625,54,2004-09-28T23:50:00Z,57.0361,-152.5171,NA,Other,999,64,90,8,0,1,1,1,1,NA,105,1,NA,0,opportunistic buoy at Albatross Banks; several sightings in area
1625,55,2004-10-04T15:30:00Z,58.1695,-151.1391,NA,Other,999,999,999,8,1,1,1,1,1,NA,107,0,NA,0,opportunistic buoy at Portlock Banks; several sightings in area
1625,56,2004-10-05T20:00:00Z,58.4693,-150.6398,673,Other,57,1,90,8,1,1,0,1,1,NA,108,0,NA,0,NA
1625,57,2004-10-08T19:09:00Z,58.1888,-151.1486,709,Other,57,15,90,8,0,1,0,1,1,NA,109,0,NA,0,NA
1625,58,2004-10-08T23:36:00Z,58.2858,-151.1456,709,Other,53,64,90,8,1,1,1,1,1,NA,111,0,NA,0,NA
1625,59,2004-10-10T01:06:00Z,58.5928,-146.783,NA,Night,57,999,90,8,0,1,0,1,1,NA,113,0,NA,0,NA
1625,60,2004-10-10T12:20:00Z,58.5278,-145.4775,NA,Morning,53d,58,90,8,1,1,1,1,1,NA,114,0,NA,0,NA
1625,61,2004-10-11T00:46:00Z,58.331,-143.2285,NA,Night,999,54,90,8,1,1,1,1,1,NA,115,0,NA,0,NA
1625,62,2004-10-11T13:08:00Z,58.4661,-141.5978,NA,Morning,999,21,999,8,3,1,0,1,1,NA,116,0,NA,0,NA
1625,63,2004-10-19T19:34:00Z,56.8916,-135.835,0,Other,57,24,90,8,2,0,0,0,0,NA,117,0,NA,0,CHECK SIGHTING NUMBER FOR THIS MINKE WHALE!!!
1625,64,2004-10-20T14:53:00Z,56.8658,-136.1858,791,Other,57,15,90,8,0,1,0,1,0,NA,118,0,NA,0,NA
1627,3,2005-08-12T21:09:00Z,43.079666,-129.886166,1049,Other,77,88,NA,NA,2,1,NA,1,1,NA,NA,0,NA,NA,No Recording
1627,5,2005-08-16T21:49:00Z,45.32483,-126.17783,1060,Other,77,58,NA,NA,1,1,NA,1,1,NA,1,0,NA,NA,Hdrecording also
1627,6,2005-08-22T16:12:00Z,43.580166,124.949333,1100,Other,57,29,NA,NA,1,1,0,0,0,NA,NA,0,NA,NA,"Recording Deleted, appears to e a bad buoy?"
1627,7,2005-08-24T00:07:00Z,43.72383,-128.38833,1112,Other,57,NA,NA,NA,0,1,0,1,1,NA,2,0,NA,NA,Great Vocals (Bb!); Hdrecordings also
1627,9,2005-08-26T21:23:00Z,43.458833,-130.150166,1119,Other,53,64,NA,NA,1,1,NA,1,1,NA,3,0,NA,NA,NA
1627,10,2005-08-27T21:42:00Z,40.71,-130.9795,1121,Other,77,75,NA,NA,0,1,NA,1,1,NA,3,4,NA,NA,SBDAT4 started after delay and this tape was damaged on playback
1627,11,2005-09-04T19:19:00Z,36.4375,-126.5745,1156,Other,53,54,NA,NA,0,0,0,0,0,NA,NA,0,NA,NA,Bad Buoy
1627,12,2005-09-05T02:05:00Z,36.47433,-125.87383,1160,Other,77,68,NA,NA,0,1,NA,1,NA,NA,4,5,NA,NA,Hdrecording also
1627,13,2005-09-05T19:22:00Z,37.16,-125.67117,1165,Other,77,65,NA,NA,0,NA,NA,NA,NA,NA,NA,0,NA,NA,NO RECORDING
1627,14,2005-09-17T21:10:00Z,41.12817,-129.25817,1214,Other,77,65,NA,NA,0,1,NA,1,NA,NA,6,0,NA,NA,Hdrecording also
1627,15,2005-09-22T18:23:00Z,36.1095,-124.29483,1257,Other,57,29,NA,NA,0,NA,NA,NA,NA,NA,7,0,NA,NA,NA
1627,18,2005-09-29T19:20:00Z,31.77333,-119.218,1258,Other,77,55,NA,NA,3,1,NA,NA,NA,NA,7,0,NA,NA,Hdrecording also
1627,20,2005-09-30T01:26:00Z,32.21533,-119.14933,1273,Other,77,58,NA,NA,0,NA,NA,NA,NA,NA,8,0,NA,NA,Hdrecording also
1627,21,2005-09-30T17:53:00Z,33.06183,-118.22617,1284,Other,77,64,NA,NA,0,1,NA,1,NA,NA,9,0,NA,NA,Hdrecording also
1627,22,2005-10-09T21:23:00Z,34.35583,-123.26,1309,Other,77,63,NA,NA,0,1,1,1,NA,NA,10,0,NA,NA,Hdrecording also
1627,23,2005-10-10T21:38:00Z,35.50567,-122.9475,1316,Other,77,65,NA,NA,0,1,NA,1,NA,NA,11,0,NA,NA,NA
1627,24,2005-10-22T00:28:00Z,43.5115,-126.68317,1430,Other,77,63,NA,NA,0,1,NA,1,1,NA,12,0,NA,NA,Hdrecording also
1627,25,2005-10-22T01:57:00Z,43.60083,-126.66833,1433,Other,77,56,NA,NA,0,NA,NA,NA,NA,NA,12,13,NA,NA,Hdrecording also
1627,26,2005-10-23T19:29:00Z,45.67383,-124.42583,1442,Other,77,63,NA,NA,0,NA,NA,1,1,NA,13,14,NA,NA,Hdrecording also
1627,27,2005-10-29T17:50:00Z,46.2465,-124.25067,1451,Other,57,29,NA,NA,0,NA,0,NA,NA,NA,14,0,NA,NA,Hdrecording also
1627,28,2005-11-10T21:59:00Z,32.935,-120.465,1503,Other,77,64,NA,NA,0,1,NA,1,1,NA,15,16,NA,NA,Hdrecording also
1627,30,2005-11-12T01:03:00Z,33 49.76,121 55.50,1513,Other,57,29,NA,NA,0,1,NA,1,NA,NA,16,0,NA,NA,NA
1627,31,2005-11-19T16:13:00Z,37.397166,-123.923666,1528,Other,77,65,NA,NA,0,NA,NA,NA,NA,NA,16,0,NA,NA,NA
1627,32,2005-11-22T23:44:00Z,35.574333,-122.918666,1560,Other,57,29,NA,NA,0,NA,0,NA,NA,NA,17,0,NA,NA,NA
1627,33,2005-11-27T21:53:00Z,34.140833,-124.993,1579,Other,77,63,NA,NA,0,1,NA,NA,NA,NA,17,0,NA,NA,NA
1629,1,2005-08-15T23:34:00Z,8.9865,-164.8333,68,NA,53D,56,90,8,1,1,1,1,0,NA,1,0,4,0,CHECK BUOY TO SEE IF THERE ARE VOCALS
1629,2,2005-08-22T19:09:00Z,3.66,-163.4892,104,NA,53D,64,90,4,3,1,1,1,1,NA,2,0,3,0,CHECK SONOBUOY FOR VOCALS
1629,3,2005-08-22T22:53:00Z,3.8728,-163.1832,107,NA,77A,50,NA,4,3,1,1,1,0,NA,3,0,NA,0,"Sh, C2
Check sonobuoy for vocals"
1629,4,2005-08-24T01:12:00Z,4.9318,-161.9555,121,NA,53D,50,90,8,1,1,1,1,1,NA,4,1,NA,0,"Check for vocals
SBDAT4-6"
1629,5,2005-09-03T00:00:00Z,8.9263,-164.0743,167,NA,77B,56,NA,NA,1,1,1,1,1,NA,7,1,NA,0,"Sh BB
Check sonobuoy for vocals
SBDAT7-8"
1629,6,2005-11-14T02:00:00Z,16.675667,-159.325167,NA,NA,77B,53,NA,4,2,1,1,1,0,NA,9,0,NA,0,NA
1629,7,2005-11-14T08:00:00Z,19.6718,-158.4194,NA,NA,77B,56,NA,8,0,1,1,1,0,NA,10,0,NA,0,NA
1628,3,2005-08-12T20:09:00Z,43.0768,-129.9023,1049,Other,77,22,999,999,2,1,1,1,0,NA,2,0,NA,0,NA
1628,5,2005-08-16T21:49:00Z,45.3253,-126.2038,1060,Other,77,65,999,999,1,1,1,1,0,NA,1,0,NA,0,NA
1628,7,2005-08-24T00:07:00Z,43.7238,-128.3883,1112,Other,57,29,999,999,0,1,0,1,1,NA,2,0,NA,0,NA
1628,9,2005-08-26T21:17:00Z,43.4531,-130.1508,1119,Other,77,64,999,999,1,1,1,1,1,NA,3,0,NA,0,NA
1628,10,2005-08-27T21:42:00Z,40.71,-130.9943,1121,Other,77,75,999,999,0,1,1,1,1,NA,4,0,NA,0,NA
1628,12,2005-09-05T02:03:00Z,36.4743,-125.8738,1160,Other,77,68,999,999,0,1,0,1,0,NA,4,1,NA,0,NA
1628,14,2005-09-17T21:06:00Z,41.1281,-129.2581,1214,Other,77,65,999,8,0,1,1,1,0,NA,6,0,NA,0,NA
1628,15,2005-09-22T18:23:00Z,36.1095,-124.2948,1257,Other,57,29,999,999,0,1,0,1,0,NA,7,0,NA,0,NA
1628,18,2005-09-29T19:30:00Z,31.7733,-119.218,1258,Other,77,55,999,999,3,1,1,1,0,NA,7,0,NA,0,NA
1628,20,2005-09-30T01:22:00Z,32.2153,-119.1493,1273,Other,77,58,999,999,0,1,1,1,0,NA,8,0,NA,0,NA
1628,21,2005-09-30T17:47:00Z,33.0618,-118.2261,1284,Other,77,64,999,999,0,1,1,1,0,NA,9,0,NA,0,NA
1628,22,2005-10-09T21:22:00Z,34.3558,-123.26,1309,Other,77,63,999,999,0,1,1,1,1,NA,10,0,NA,0,NA
1628,23,2005-10-10T21:33:00Z,35.5056,-122.9475,1316,Other,77,65,999,999,0,1,1,1,0,NA,11,0,NA,0,NA
1628,24,2005-10-22T00:28:00Z,43.5115,-126.6831,1430,Other,77,63,999,999,0,1,1,1,1,NA,12,0,NA,0,NA
1628,25,2005-10-22T01:55:00Z,43.6008,-126.6683,1433,Other,77,56,999,999,0,1,1,1,0,NA,12,1,NA,0,NA
1628,26,2005-10-23T19:25:00Z,45.6738,-124.4258,1442,Other,77,63,999,999,0,1,1,1,1,NA,13,1,NA,0,NA
1628,27,2005-10-29T17:40:00Z,99.9999,999.9999,1451,Other,57,29,999,999,0,1,0,1,1,NA,14,0,NA,0,NA
1628,28,2005-11-10T21:55:00Z,32.935,-120.465,1503,Other,77,64,999,999,0,1,1,1,1,NA,15,1,NA,0,NA
1628,29,2005-11-10T23:49:00Z,32.8858,-120.4686,1504,Other,77,53,999,999,0,1,1,1,1,NA,15,1,NA,0,NA
1628,30,2005-11-12T01:03:00Z,33.8293,-121.925,1513,Other,57,29,999,999,0,1,0,1,1,NA,16,0,NA,0,NA
1628,31,2005-11-19T16:10:00Z,37.0638,-123.9236,1528,Other,77,65,999,999,0,1,1,1,1,NA,16,0,NA,0,NA
1628,32,2005-11-22T23:41:00Z,35.5743,-122.9186,1560,Other,57,29,999,999,0,1,0,1,0,NA,17,0,NA,0,NA
1628,33,2005-11-27T21:45:00Z,34.1408,-124.993,1579,Other,77,63,999,999,0,1,1,1,0,NA,17,0,NA,0,NA
1631,1,2006-08-16T01:46:00Z,11.4774,-129.3522,80,Other,77A,58,90,999,0,1,1,1,0,NA,1,0,6,0,NA
1631,2,2006-09-05T15:02:00Z,9.435,-151.2791,96,Other,53D,52,90,8,1,1,1,1,0,NA,2,0,7,0,Bryde's Whale
1631,3,2006-09-05T22:24:00Z,9.715,-150.5856,104,Other,77A,68,999,8,0,1,1,1,0,NA,3,0,NA,0,Bryde's Whale
1631,4,2006-09-10T22:25:00Z,4.6425,-135.1289,129,Other,77A,62,999,8,0,1,1,1,1,"Frog, 40Hz",4,0,7,0,deployed 400m from whale
1631,5,2006-09-13T16:14:00Z,2.2793,-126.8779,133,Other,77a,67,999,8,1,1,1,0,0,NA,5,0,NA,0,deployed w/in 500m of whale
1631,6,2006-09-18T19:54:00Z,-1.6645,-111.5009,153,Other,77a,51,999,8,0,1,1,1,0,NA,6,0,4,0,deployed w/in 500m of whale
1631,7,2006-09-19T16:13:00Z,-1.8199,-108.9972,157,Other,77a,69,999,8,3,1,1,0,0,NA,7,0,6,0,NA
1631,8,2006-09-19T19:45:00Z,-1.838,-108.5247,158,Other,77a,54,999,8,0,1,1,1,0,NA,8,0,11,0,deployed 100m from whale
1631,9,2006-09-20T14:32:00Z,-1.9804,-106.2676,160,Other,77a,63,999,8,0,1,1,0,0,NA,9,0,NA,0,NA
1631,10,2006-09-20T16:51:00Z,-2.0025,-106.1283,NA,Other,77a,57,999,8,0,1,1,0,0,NA,10,0,6,0,deployed w/in 300m of whale
1631,11,2006-09-20T23:15:00Z,-2.0509,-105.3604,166,Other,77a,66,999,8,0,1,1,1,0,NA,11,0,NA,0,NA
1631,12,2006-09-21T00:54:00Z,-2.0801,-105.2099,167,Other,77a,50,999,8,0,1,1,0,0,NA,12,0,NA,0,buoy deployed w/in 500m of whale
1631,13,2006-09-21T16:32:00Z,-2.2445,-103.3245,169,Other,77a,62,999,8,0,1,1,0,0,NA,13,0,NA,0,NA
1631,14,2006-09-22T14:06:00Z,-2.3856,-100.8244,175,Other,77a,60,999,8,0,1,1,0,0,NA,14,0,6,0,deployed w/in 3/4nmi of whale
1631,15,2006-09-22T16:10:00Z,-2.4089,-100.6105,176,Other,77a,55,999,8,0,1,1,0,0,NA,15,0,7,0,buoy died young
1631,16,2006-09-22T18:46:00Z,-2.4914,-100.3464,178,Other,77a,58,999,8,0,1,1,1,0,NA,16,0,6,0,deployed w/in 300m of whale
1631,17,2006-09-23T17:52:00Z,-2.6822,-97.3121,186,Other,77a,60,999,8,0,1,1,0,0,NA,17,0,NA,0,NA
1631,18,2006-09-24T16:26:00Z,-2.9013,-94.7677,196,Other,77a,65,999,8,0,1,1,1,1,NA,18,0,10,0,buoy deployed within 0.6nmi of whale
1631,19,2006-09-24T22:08:00Z,-2.9657,-93.9584,199,Other,77a,70,999,8,0,1,1,1,1,NA,19,0,6,0,buoy deployed w/in 200m of whale
1631,20,2006-09-25T00:16:00Z,-2.9726,-93.8533,203,Other,77a,58,999,8,0,1,1,1,1,NA,20,0,NA,0,"17:12 rt=Ch70 (sb19) lft=ch58 (sb20)
17:16 both channels on 58 now"
1631,21,2006-09-25T14:43:00Z,-2.9242,-92.3261,204,Other,77a,52,999,8,0,1,1,1,1,NA,21,1,7,0,buoy deployed w/in 500m of whale
1631,22,2006-09-26T19:29:00Z,-2.423,-89.1396,213,Other,77a,52,999,8,0,1,1,1,0,NA,23,0,NA,0,"no monitor, buoy may have died, second buoy deployed at 1324 (ch58)"
1631,23,2006-10-08T21:26:00Z,-7.7719,-85.8852,253,Other,77a,66,999,8,0,1,1,1,1,NA,24,0,7,0,deployed w/in 500m of whale
1631,24,2006-10-09T18:56:00Z,-10.3834,-86.6619,254,Other,77a,68,999,8,0,1,1,1,1,NA,25,0,NA,0,buoy deployed w/in 500m of whale
1630,5,2006-08-12T23:12:00Z,25.587,-109.307,1215,Other,53d,70,90,8,1,0,0,0,0,NA,1,0,NA,0,not sure if good?
1630,6,2006-09-09T00:57:00Z,8.762,-84.288,1386,CTD,57,18,90,8,0,1,0,1,1,"Mn, Oo, dolphins",2,1,NA,0,NA
1630,7,2006-09-21T23:42:00Z,8.706,-89.32,1491,Other,57,14,90,8,0,0,0,0,0,NA,4,0,NA,0,NA
1630,8,2006-09-24T16:34:00Z,8.954,-90.728,1538,Other,77,70,999,8,2,1,1,0,0,NA,4,0,NA,0,left channel
1630,9,2006-09-24T16:40:00Z,8.9515,-90.727167,1538,Other,53d,30,400,8,0,1,1,0,0,NA,4,0,NA,0,right channel; no location info given
1630,10,2006-09-25T15:53:00Z,10.5275,-89.757667,1569,Other,57,18,90,8,2,0,0,0,0,NA,4,0,NA,0,right channel?; not sure if good?
1630,11,2006-09-25T16:09:00Z,10.514,-89.808,1569,Other,57,14,90,8,0,1,0,1,0,NA,4,0,NA,0,left channel
1630,12,2006-09-25T23:09:00Z,11.133,-89.383,1575,Other,57b,14,90,8,0,1,0,0,0,NA,5,0,NA,0,not sure if good?
1630,13,2006-09-25T23:34:00Z,11.141,-89.4,1575,Other,57b,2,90,8,0,1,0,0,0,NA,5,0,NA,0,NA
1630,14,2006-10-11T19:48:00Z,10.698,-98.085,1678,Other,57,14,90,8,0,1,0,1,0,NA,6,0,2,0,NA
1630,15,2006-11-01T19:00:00Z,15.551,-101.06,1809,Other,77,30,999,8,0,1,0,0,0,NA,7,0,NA,0,NA
1630,16,2006-11-01T19:23:00Z,15.539,-101.039,1809,Other,57b,14,90,8,0,1,0,1,0,NA,7,0,NA,0,NA
1630,17,2006-11-05T20:30:00Z,15.183,-97.058,1866,Other,57b,14,90,8,0,1,0,1,0,NA,8,0,2,0,NA
1630,18,2006-11-07T00:29:00Z,12.637,-99.351,1876,Other,57,14,90,8,0,1,0,0,1,NA,9,0,2,0,NA
1630,19,2006-11-14T20:30:00Z,17.32,-104.119,1904,Other,57b,14,90,8,0,1,0,1,1,NA,10,1,2,0,NA
1630,20,2006-11-27T03:06:00Z,18.333,-106.54,NA,CTD,77,50,999,8,0,1,1,1,1,dw,12,0,4,0,NA
1630,21,2006-11-27T03:15:00Z,18.315,-106.553,NA,CTD,57,57,90,8,0,1,0,1,1,dw,12,0,4,0,NA
1630,22,2006-11-29T04:11:00Z,13.961,-110.106,NA,CTD,77,30,999,8,2,1,1,0,0,NA,13,0,NA,0,NA
1630,23,2006-11-30T01:35:00Z,14.849,-112.579,1965,Other,77,30,999,8,0,1,1,0,0,NA,14,0,NA,0,NA
1630,24,2006-12-01T01:53:00Z,16.988,-113.405,NA,CTD,57,14,90,8,0,1,0,0,0,NA,15,0,NA,0,right channel
1630,25,2006-12-01T01:53:00Z,16.988,-113.405,NA,CTD,77,30,999,8,0,1,1,0,0,NA,15,0,NA,0,left channel
1630,26,2006-12-02T03:57:00Z,17.942,-115.751,NA,CTD,57,14,90,8,0,1,0,1,0,NA,16,0,NA,0,right channel
1630,27,2006-12-02T03:59:00Z,17.942,-115.751,NA,CTD,77,30,999,8,0,1,1,1,0,NA,16,0,NA,0,left channel
1630,28,2006-12-03T01:01:00Z,20.119,-116.492,NA,CTD,77,30,999,8,0,1,1,0,0,NA,17,0,NA,0,left channel
1630,29,2006-12-03T01:01:00Z,20.119,-116.492,NA,CTD,57b,14,999,8,0,1,0,0,0,NA,17,0,NA,0,right channel
1630,30,2006-12-04T03:04:00Z,23.093,-117.612,NA,CTD,77,30,999,8,0,0,1,1,1,NA,18,0,NA,0,left channel
1630,31,2006-12-04T03:04:00Z,23.093,-117.612,NA,CTD,57b,14,90,8,0,0,0,1,1,NA,18,0,NA,0,right channel
1630,32,2006-12-05T03:12:00Z,25.095,-118.209,NA,CTD,57b,14,90,8,0,1,0,1,0,NA,19,1,NA,0,NA
1630,33,2006-12-06T18:37:00Z,31.1903,-117.4738,NA,CTD,57b,14,90,8,1,1,0,1,1,NA,21,0,NA,0,NA
1631,25,2006-10-12T01:35:00Z,-12.7636,-90.9187,259,Other,77a,64,999,8,0,1,1,1,1,NA,26,0,NA,0,deployed w/in 500 m of whale; s260 orcas also in area
1631,26,2006-10-13T15:12:00Z,-9.9566,-94.7677,264,Other,77a,56,999,8,0,1,1,1,1,NA,27,0,NA,0,NA
1631,27,2006-10-13T18:59:00Z,-9.615,-95.1657,265,Other,77a,63,999,8,0,1,1,1,1,NA,28,0,5,0,deployed w/in 500  m of whale
1631,28,2006-10-13T23:49:00Z,-9.4357,-95.6886,268,Other,77a,55,999,8,0,1,1,1,1,NA,29,0,7,0,deployed w/in 600m of whale
1631,29,2006-10-15T18:43:00Z,-5.8721,-98.0331,277,Other,77a,69,999,8,0,1,1,1,0,NA,30,0,5,0,deployed w/in 350m of whale
1631,30,2006-10-15T21:32:00Z,-5.5521,-97.8974,278,Other,77a,53,999,8,0,1,1,1,0,NA,31,0,6,0,deployed w/in 0.5nmi of whales
1631,31,2006-10-16T16:00:00Z,-3.3778,-97.0228,282,Other,77a,60,999,8,0,1,1,1,0,NA,32,0,6,0,deployed w/in 1nmi of whales
1631,32,2006-10-16T20:43:00Z,-2.7742,-96.6543,284,Other,77a,56,999,8,0,1,1,1,1,NA,33,0,6,0,deployed w/in 100m of whales
1631,33,2006-10-17T01:10:00Z,-2.3479,-96.3028,286,Other,77a,53,999,8,0,1,1,1,1,NA,34,0,NA,0,"deployed w/in 500m of whale
19:50 deployed 2nd buoy rt=sb33, lft=sb34"
1631,34,2006-10-17T02:50:00Z,-2.2504,-96.2993,NA,CTD,77a,64,999,8,0,1,1,1,1,NA,34,1,NA,0,near s286 blue whale; rt=ch53 (sb33); lft=ch64 (sb34); 21:24 start SBDAT35 only Ch64(SB34)
1631,35,2006-10-17T16:18:00Z,-0.7984,-95.7093,296,Other,77a,62,999,8,0,1,1,1,1,NA,36,0,10,0,"deployed w/in 600m of whale; 09:23 ran over buoy, deployed a second one at -0.8008S, -95.7039W while whale was at 12ret"
1631,36,2006-10-18T14:50:00Z,1.7617,-94.8824,306,Other,77a,66,999,8,0,1,1,1,0,NA,37,0,NA,0,deployed w/in 200m of whale
1631,37,2006-10-19T13:06:00Z,3.2289,-92.7788,316,Other,77a,56,999,8,0,1,1,1,1,NA,38,0,NA,0,deployed w/in 500m of whale
1631,38,2006-10-21T19:29:00Z,9.1642,-96.118,332,Other,77a,60,999,8,0,1,1,1,1,NA,39,0,7,0,deployed w/in 400m of whale
1631,39,2006-10-21T21:38:00Z,9.3348,-96.2435,333,Other,77a,58,999,8,0,1,1,1,1,NA,40,0,9,0,deployed w/in 300m of whale
1631,40,2006-10-26T14:54:00Z,1.6335,-106.641,353,Other,77a,66,999,8,2,1,1,1,0,NA,41,0,NA,0,"deployed w/in 400m of whale; at 08:09 second sb deployed (ch56) at 1.644N, -106.6453W; rt=ch66 (sb40a), lf=ch56(sb40b)"
1631,41,2006-11-24T03:17:00Z,8.017,-105.6768,NA,CTD,77a,64,999,8,0,1,1,1,1,NA,42,0,NA,0,NA
1631,42,2006-11-29T22:18:00Z,12.9459,-118.1232,555,Other,77a,63,999,8,0,1,1,1,0,NA,43,0,NA,0,deployed w/in 400m of whale
1631,43,2006-11-30T02:10:00Z,13.3809,-117.7535,556,Other,77a,999,999,8,0,1,1,1,0,NA,44,0,NA,0,buoy deployed w/in 500m of whale
1631,44,2006-12-06T18:57:00Z,30.6023,-117.7663,573,Other,77a,60,999,8,0,1,1,1,0,NA,45,0,NA,0,NA
1630,1,2006-07-30T16:15:00Z,30.89,-116.512,1012,Other,77a,85,999,8,1,1,1,1,1,NA,1,0,NA,0,NA
1630,2,2006-07-31T01:56:00Z,30.079,-116.378,1031,Other,57,18,90,8,0,1,0,0,0,NA,1,0,NA,0,NA
1630,3,2006-08-03T00:54:00Z,24.301,-115.978,1064,Other,77a,30,999,8,1,0,0,0,0,NA,1,0,NA,0,NA
1630,4,2006-08-08T01:13:00Z,22.633,-112.047,1094,Other,53d,23,90,8,2,0,0,0,0,NA,1,0,NA,0,not sure if good?
1635,1,2008-08-01T20:29:00Z,47.412,-125.392,29,Other,77,52,10,8,NA,1,1,1,0,NA,1,0,1,0,may be bad
1635,2,2008-08-01T20:42:00Z,47.412,-125.392,29,Other,77,52,10,8,1,1,1,1,0,NA,1,0,2,0,Buoy dead at 13:48
1635,3,2008-08-01T20:52:00Z,47.4338,-125.411,29,Other,77,60,10,8,2,1,1,1,0,NA,1,0,NA,0,dead at 13:59; same tape as other 2 buoys (first time error)
1635,5,2008-08-02T17:16:00Z,46.701833,-127.967167,30,Other,77,52,10,8,1,1,1,1,0,NA,2,0,1,0,NA
1635,6,2008-08-01T19:11:00Z,46.568,-128.041,30,Other,77,60,10,8,2,1,1,1,0,NA,2,0,1,0,"12:15 :  Whales within 300m of SB
12:16 : signal going bad may be a screamer
12:19:  very faint
12:23:  Tape is out"
1635,9,2008-08-03T19:59:00Z,45.375,-130.07,37,Other,77,60,10,8,1,1,1,1,0,NA,3,0,1,0,"Strong radio signal
13:14 - In and out of reception
13:18 - may be whale sounds, 300m from buoy
13:19 - SB going dead
13:30 - stop recording"
1635,13,2008-08-04T17:26:00Z,45.429667,-130.636,41,Other,77,62,10,8,2,1,1,1,0,NA,4,0,NA,0,"REC start at 10:33
10:35 - aq
10:37 - SB is 200m off port beam
10:38 - signal going bad
10:41 - radio signal strong, ac sig not great though
10:47 - sb ahead at 150m"
1635,15,2008-08-04T21:07:00Z,45.341,-130.2527,42,Other,77,64,10,8,0,1,1,1,0,NA,5,0,NA,0,"May be a bit of a screamer, but can hear difar, ship and water, strong radio signal
14:13 - whale at 500m in 6:00 position, going back to course and speed, will leave SB recording
14:19- SB signal gone
14:22 - Stop REC"
1635,16,2008-08-06T14:34:00Z,46.608,-127.551,51,Other,77,66,10,8,0,1,1,1,0,NA,6,0,NA,0,"7:35 - strong radio signal
7:36 - whale was less than 200m off beam/stern
7:38 - returning to base course and speed
7:40 - signal in and out
7:57 -stop REC"
1635,17,2008-08-06T22:16:00Z,45.053,-128.121,58,Other,77,68,10,8,0,1,1,1,0,NA,7,0,NA,0,"Blue Whale
15:18 - 7 knots; 90L
15:19 - 20R Buoy faint
15:20 - High arch slow to 1/2 speed
15:21 - Launching RHIB
15:28 - Going to let record and prep more sb's
15:29 - whale at port beam (flukes)"
1635,18,2008-08-06T22:33:00Z,44.55,-127.31,58,Other,77,64,10,8,0,1,1,1,0,NA,8,0,NA,0,"15:36 - signal in and out was good until now
15:40 - faint
15:52 - still rec animal is taking 20 min dives, this buoy is getting out of range, will prep another"
1635,19,2008-08-06T23:02:00Z,44.874,-127.808,58,Other,77,72,10,8,0,1,1,1,0,NA,9,0,NA,0,"16:03 - whale 300m off port bow
16:03 - rec good so far
16:35 - off chase still rec; reception still seems ok
17:25:37 - STOP REC"
1635,20,2008-08-08T22:15:00Z,43.851,-129.053,64,Other,77,68,10,8,0,1,1,1,0,NA,10,0,NA,0,"Fin Whales
15:19 - slowing to 3 knots for buoy
15:22 - signal growing faint
15:23 - Turn gain up to LP +6
15:28 - Re-sight 150L at 200m
15:33 - whale under boat
15:33 - possible call seen (on array)"
1635,21,2008-08-11T01:47:00Z,"42.656500,",-131.045,72,Other,77,68,10,8,0,1,1,1,0,Probable calls,11,0,1,0,"18:48 - REC
18:49 - whales next to SB
18:50 - possible vocal
18:52 - whales up, ship heading 120L
18:54 - whales 300m from buoy - vocals
18:58 - decrease Low/mid filter to 240hz
18:58 - possible vocals
19:00 - At bow 200-300 m
19:01 - 10R
19:01:33 - whales dive
19:02 - possible vocals
19:03 - whales 200m from buoy
19:08 - buoy signal dying
19:12 - Stop REC
18:54 -"
1635,23,2008-08-11T02:33:00Z,42.646,-131.03,72,Other,77,72,10,8,1,1,1,1,1,likely,13,0,1,0,"19:33 - vocals
19:36 - LF quiet
19:37 - LF gaing at +12
19:38 - vocals? Whale at 130 L of ship
19:40 - obs off effort 19:46 - up to 350 hz on Lchannel; going to stay in area for buoy
19:48 - 90R up to 3/4 speed whale at 100m
19:51 - 10 L 300m
19:51:55 - 0.48 nmi from sb drop
1952 - 1/2 speed
19:53 - 10R
19:56 whale at 130L 200m20:00 - 20 L and maintain speed
20:01 - whale up at 100L 300m, coming toward us, signal growing faint
20:05 - change to sb 22 we are in range
20:06 - back to sb23
20:08 sb 23 on ch1 and 22 on ch2, both poor quality now
20:09 - both ch on sb22, sb23 out of range
20:10 - 0.94 nmi from sb 23
20:13 - possible call"
1635,22,2008-08-11T02:16:00Z,42.684,-131.044,72,Other,77,62,10,8,0,1,1,1,0,NA,12,0,NA,0,"19:17 possible vocals
19:19 - quiet whale at strar beam ~500m
19:28 - Stop REC"
1635,24,2008-08-11T15:09:00Z,42.465,-130.78,73,Other,77,68,10,8,0,1,1,1,0,NA,14,0,NA,0,"not great signal
8:12 - whale at 69L and 12 ret
823 - End"
1635,25,2008-08-11T15:24:00Z,42.4716,-130.7566,73,Other,77,74,10,8,1,1,1,1,0,NA,15,0,1,0,"8:26 - lp at 240hz
8:29 - lp at 350hz
8:44 - animal at surface ahead of ship, sb sounds good, prepping more
8:50 - sb out of range"
1635,27,2008-08-12T15:27:00Z,42.1283,-129.1383,77,Other,77,78,10,8,1,1,1,1,1,sei,17,0,1,0,"FIN and SEI
8:28 - vocals
- I went on small boat deployment after this and left recording"
1635,28,2008-08-13T15:30:00Z,41.1216,-128.365,84,Other,77,74,10,8,0,1,1,1,1,NA,18,0,NA,0,"LP at 240hz
8:33 - gaing was +12 now at +6
8:34 - 90L
8:35 - 350 hz and +12
8:37 - possible calls
8:38 - Mid/high filter at 3.5"
1635,30,2008-08-13T23:54:00Z,40.745,-129.42,85,Other,77,76,10,8,1,1,1,1,1,possible sei,19,0,NA,0,"Whale less than 100m from buoy, possible call at very beginning of rec
16:57 - Turning
17:04 - losing reception
17:10 - getting radio signal again
17:26 end"
1635,32,2008-08-14T00:47:00Z,40.74,-129.4216,85,Other,77,76,10,8,2,1,1,1,1,sei?,20,0,NA,0,"not sure channel # is correct
17:48 - +8 - +12 gain LF
17:49 - possible pulse calls
17:51 - switch channels on ch2
18:03 - signal gone
18:17 - back to course and speed"
1635,35,2008-08-14T22:11:00Z,41.0833,-130.04,89,Other,77,64,10,8,2,1,1,1,1,Probable,21,0,NA,0,"15:14 - 10R at full speed
15:16 - animal dove coming to slow speed, possible vocals shortly after this
15:40 - reception fading
15:41 - biologics?
15:42 - animals are along side us, maintaining course and speed"
1635,37,2008-08-17T01:58:00Z,43.6558,-128.9314,93,Other,77,64,10,8,1,1,1,1,1,Fin,22,0,1,0,"FIN
19:06 - Calls
19:15 - Approaching SB to pick up a biopsy
19:23 - whales less than 100m from SB
19:25 - LP to 240 hz (was 350)
19:39 - rec still seems good whales still near buoy
19:49 - within 100m of sb, seems like multiple vocal animals
19:52 - SB on star beam
19:58 - rubbing noise
20:00 going bad may throw another sb"
1635,45,2008-09-05T20:38:00Z,36.5618,-123.5953,177,Other,77,78,8,8,2,1,1,1,1,NA,23,0,1,0,"13:43 - animals off array at 300m
13:48 - LP at 350 now; was 240
13:49 - buoy may be dying, will keep recording
13:50:45 - stop recording"
1635,49,2008-09-05T21:46:00Z,36.5433,-123.6794,177,Other,77,68,8,8,2,1,1,1,1,fin pulse,24,0,NA,0,"14:47 - ANIMAL OFF STAR BEAM AT 500M
lp AT 350HZ
14:51 - sb may be failing"
1635,50,2008-09-07T14:54:00Z,39.7312,-123.9517,187,Other,77,78,8,8,0,1,1,1,1,blue whale calls,25,0,1,0,"7:54 - calls right away7:59 - animals 100-200 m off port beam, good calls8:10 - getting out of range, still calls though8:20 - out of range, end rec, 1.8nmi away from buoy currently"
1635,51,2008-09-20T20:45:00Z,41.4707,-125.6312,294,Other,77,78,8,8,0,1,1,1,0,NA,27,0,NA,0,"1421: recording started SB working
1435: can hear M22; signal sometimes in and out a bit
1455: biologic?
15:42 end bc over 1 mi away"
1635,52,2008-09-21T20:25:00Z,40.6919,-127.0907,313,Other,77,72,8,8,0,1,1,1,1,NA,28,0,2,0,"1321: recording, calls on array at 13:19, maybe a few at start on sonobouy also.
1359: SB abeam starboard 300-400m"
1635,53,2008-09-22T00:16:00Z,40.2541,-127.1958,322,Other,77,78,8,8,0,1,1,1,1,NA,29,0,1,0,"17:16 START, MAY BE CALLS RIGHT AWAY
17:29 - SB GOING OUT SOME
17:32 - CS, WILL LEAVE REC
1750 -END"
1635,54,2008-09-22T01:39:00Z,40.2716,-127.3276,324,Other,77,72,8,8,0,1,1,1,1,NA,30,0,NA,0,"BLUE AND FIN
1842-BIOLOGICS
1929-BOX AROUND SB 
1959 PULL IN ARRAY"
1635,55,2008-09-29T16:27:00Z,37.207,-125.9073,384,Other,77,78,8,8,0,1,1,1,1,Fin pulses,31,0,1,0,"SB working, heard LF pulses right away
Dolphins (delphinus) in the area
10:03 - LF pulsing on SB; ec on ish 
10:09 - SB signal fading, but we are turning 150L and heading back toward it, animals right by buoy drop
10:13 - we are 0.7nmi from SB drop, strong current though
10:19 - CS; sb still working
10:24- losing range
~10:30 end recording"
1635,56,2008-09-29T18:28:00Z,37.1545,-126.0795,388,Other,77,76,8,8,0,1,1,1,1,fin,32,0,2,0,"animals 50m away at drop,
11:32 pulsing on SB? Might have been turning also
11:33 ship noise gone on SB
11:35 pulses?
11:37 animal off port beam 100 m
11:39 SB signal fading ~0.9nmi from drop"
1635,57,2008-09-29T18:54:00Z,37.1759,-126.1114,388,Other,77,78,8,8,0,1,1,1,0,NA,33,0,NA,0,"review recording, not sure if biological sounds on it"
1635,64,2008-09-29T20:16:00Z,37.2101,-126.1338,389,Other,77,72,8,8,6,1,1,1,1,fin,34,0,2,0,NA
1635,66,2008-10-01T19:10:00Z,34.3274,-127.0093,405,Other,77,74,8,8,1,1,1,1,1,Blue whale,35,0,1,0,"not monitored the whole time, some bule whale vocals at beginning, animal was moving away relatively quickly when seen between dives"
1635,67,2008-10-03T18:28:00Z,35.1169,-123.6758,427,Other,77,78,8,8,0,1,1,1,0,NA,36,0,NA,0,"Fin whale, not monitoring closely
1142 - LF calls on array"
1635,68,2008-10-04T16:43:00Z,34.7114,-121.9224,435,Other,77,78,8,8,0,1,1,1,1,fin calls,37,0,1,0,"952 - possible pulse calls, calls on array, during turn
1002- calls on array
1024 - end"
1635,69,2008-10-04T17:24:00Z,34.731,-121.9218,435,Other,77,74,8,8,0,1,1,1,1,Fin calls,38,0,NA,0,"possible calls right away
10:26 - animals 300m off stern, by array and SB
10:36 - SB at 70R and 300m, whales at 300m right off bow
11:00 - SB nearly out of range"
1635,70,2008-10-07T18:04:00Z,33.3019,-119.1702,487,Other,77,74,8,8,0,1,1,1,1,NA,39,0,2,0,"not monitored, may have heard fin calls right away"
1635,72,2008-10-16T20:33:00Z,32.8442,-120.704,72,Other,77,78,8,8,0,1,1,1,0,NA,41,0,1,0,"periodic sb 'screaming', not monitored closely, possible calls
13:40 - losing signal"
1635,73,2008-10-27T21:09:00Z,33.7676,-124.4034,673,Other,77,78,8,8,0,1,1,1,1,Fin,42,0,1,0,"Cruise ship behind us
14:14 - Fin pulses
14:16 - ship at 65L and 1 ret
14:22 - pulses
14:27 - star turn then we will resume cs
14:42 - end rec"
1635,74,2008-11-12T22:03:00Z,33.1574,-126.1438,737,Other,77B,78,NA,8,0,1,1,1,0,NA,43,0,NA,0,"SHALLOW, C2"
1635,75,2008-11-12T21:38:00Z,33.1484,-126.1582,737,Other,77B,74,NA,8,1,1,1,1,0,NA,43,0,NA,0,"SHALLOW, C2"
1635,76,2008-11-19T20:20:00Z,30.3617,-123.1348,773,Other,77b,76,NA,8,1,1,1,1,0,NA,44,0,NA,0,"shallow, C2"
1635,77,2008-11-27T15:21:00Z,33.0093,-122.859,799,Other,53D,72,90,2,0,1,1,1,0,NA,45,0,NA,0,NA
1635,78,2008-11-27T21:10:00Z,32.6306,-122.9664,810,Other,53D,72,90,1,3,1,1,1,0,NA,46,0,NA,0,NA
